Workbook

Sheet Metadata
A1: Data | B1: Laurel and Hardy 1 (Jan 2014)
A2: Temperature | B2: 20.5
A3: Light | B3: 145
A4: Photoperiod | B4: 12
A5: CO2 level | B5: 42
A7: Model | B7: FM 1.1.1.1 (FM v1 + toy starch + fixed starch synthesis + malate/fumarate); now "FMv2", DDS sims included in the last sheet
B9: Incorrect, old simulations | D9: micromol CO2/g FW/h | E9: micromol CO2/g FW/h | F9: micromol CO2/cm2/h | G9: micromol CO2/cm2/h
B10: cvRMSE | C10: nRMSE | D10: AperFW | E10: RperFW | F10: Aperarea | G10: Rperarea
A11: Col | B11: 0.1011 | C11: 0.0367 | D11: 45.0675 | E11: -8.1877 | F11: 1.4177 | G11: -0.2547
A12: lsf1 | B12: 0.153 | C12: 0.0562 | D12: 53.7457 | E12: -11.296 | F12: 1.418 | G12: -0.2944
A13: prr7prr9 (starch only) | B13: 0.3179 | C13: 0.1133 | D13: 55.4703 | E13: -10.2331 | F13: 1.4178 | G13: -0.2586
A14: prr7prr9 (starch +m+f) | B14: 0.0805 | C14: 0.0287 | D14: 55.5061 | E14: -10.1297 | F14: 1.4178 | G14: -0.2558
A16: Sheets in this worksheet | B16: Contents
A17: Biomass | B17: Fresh (not dry) rosette leaf biomass, measured in samples of 5 plants each on multiple days, as mean and SD; simulation outputs from FMv2 default (for Col Wild Type plants), with the lsf1 starch defect, and two simulations for prr7prr9, where the mutation affects only starch degradation, or both starch degradation and malate/fumarate store mobilisation
A18: Starch | B18: Starch levels in carbon units (not C6) measured on multiple days, mean and SD, simulations as above
A19: M + F | B19: Malate and fumarate levels in carbon units (not C4) measured on multiple days, mean and SD, simulations as above
A20: plot_LH1_biomass_and_carbon_poo[ls] | B20: Simulation data from FMv2 runs in the conditions above, from the Matlab output file
A22: Credits
A23: Experimental setup, physiological data, sampling and model construction | B23: Yin Hoon Chew, Millar group University of Edinburgh
A24: Model refinement and final simulations | B24: Daniel Seaton, Millar group University of Edinburgh
A25: Starch, M+F and other metabolite analysis | B25: Virginie Mengin et al, Stitt group, MPIMP

Sheet Biomass
B1: Biomass (Data) | H1: Biomass (simulation) | I1: FW
A2: Day | B2: 22 | C2: 28 | D2: 29 | E2: 38 | H2: Day | I2: Col | J2: lsf-1 | K2: prr7/prr9 (starch defect) | L2: prr7/prr9 (starch+store)
A3: Col | B3: 0.034 | C3: 0.1262 | D3: 0.2192 | E3: 0.95014 | H3: =1/24 -> 0.041666667 | I3: =plot_LH1_biomass_and_carbon_poo!K3 -> 0 | J3: =plot_LH1_biomass_and_carbon_poo!X3 -> 0 | K3: =plot_LH1_biomass_and_carbon_poo!AK3 -> 0 | L3: =plot_LH1_biomass_and_carbon_poo!AX3 -> 0
A4: SD | B4: 0.0040926764 | C4: 0.017887426 | D4: 0.032882518 | E4: 0.14407886 | H4: =H3+1/24 -> 0.083333333 | I4: =plot_LH1_biomass_and_carbon_poo!K4 -> 0 | J4: =plot_LH1_biomass_and_carbon_poo!X4 -> 0 | K4: =plot_LH1_biomass_and_carbon_poo!AK4 -> 0 | L4: =plot_LH1_biomass_and_carbon_poo!AX4 -> 0
A5: lsf-1 | B5: 0.01866 | C5: 0.08546 | D5: 0.0968 | E5: 0.48772 | H5: =H4+1/24 -> 0.125 | I5: =plot_LH1_biomass_and_carbon_poo!K5 -> 0 | J5: =plot_LH1_biomass_and_carbon_poo!X5 -> 0 | K5: =plot_LH1_biomass_and_carbon_poo!AK5 -> 0 | L5: =plot_LH1_biomass_and_carbon_poo!AX5 -> 0
A6: SD | B6: 0.0030369392 | C6: 0.0072672553 | D6: 0.012679511 | E6: 0.046257616 | H6: =H5+1/24 -> 0.16666667 | I6: =plot_LH1_biomass_and_carbon_poo!K6 -> 0 | J6: =plot_LH1_biomass_and_carbon_poo!X6 -> 0 | K6: =plot_LH1_biomass_and_carbon_poo!AK6 -> 0 | L6: =plot_LH1_biomass_and_carbon_poo!AX6 -> 0
A7: prr7/prr9 | B7: 0.02102 | C7: 0.09238 | D7: 0.10086 | E7: 0.5743 | F7: =E7/E3 -> 0.60443724 | G7: of WT mass | H7: =H6+1/24 -> 0.20833333 | I7: =plot_LH1_biomass_and_carbon_poo!K7 -> 0 | J7: =plot_LH1_biomass_and_carbon_poo!X7 -> 0 | K7: =plot_LH1_biomass_and_carbon_poo!AK7 -> 0 | L7: =plot_LH1_biomass_and_carbon_poo!AX7 -> 0
A8: SD | B8: 0.0014131525 | C8: 0.013399515 | D8: 0.0082603269 | E8: 0.061144337 | H8: =H7+1/24 -> 0.25 | I8: =plot_LH1_biomass_and_carbon_poo!K8 -> 0 | J8: =plot_LH1_biomass_and_carbon_poo!X8 -> 0 | K8: =plot_LH1_biomass_and_carbon_poo!AK8 -> 0 | L8: =plot_LH1_biomass_and_carbon_poo!AX8 -> 0
H9: =H8+1/24 -> 0.29166667 | I9: =plot_LH1_biomass_and_carbon_poo!K9 -> 0 | J9: =plot_LH1_biomass_and_carbon_poo!X9 -> 0 | K9: =plot_LH1_biomass_and_carbon_poo!AK9 -> 0 | L9: =plot_LH1_biomass_and_carbon_poo!AX9 -> 0
H10: =H9+1/24 -> 0.33333333 | I10: =plot_LH1_biomass_and_carbon_poo!K10 -> 0 | J10: =plot_LH1_biomass_and_carbon_poo!X10 -> 0 | K10: =plot_LH1_biomass_and_carbon_poo!AK10 -> 0 | L10: =plot_LH1_biomass_and_carbon_poo!AX10 -> 0
H11: =H10+1/24 -> 0.375 | I11: =plot_LH1_biomass_and_carbon_poo!K11 -> 0 | J11: =plot_LH1_biomass_and_carbon_poo!X11 -> 0 | K11: =plot_LH1_biomass_and_carbon_poo!AK11 -> 0 | L11: =plot_LH1_biomass_and_carbon_poo!AX11 -> 0
H12: =H11+1/24 -> 0.41666667 | I12: =plot_LH1_biomass_and_carbon_poo!K12 -> 0 | J12: =plot_LH1_biomass_and_carbon_poo!X12 -> 0 | K12: =plot_LH1_biomass_and_carbon_poo!AK12 -> 0 | L12: =plot_LH1_biomass_and_carbon_poo!AX12 -> 0
H13: =H12+1/24 -> 0.45833333 | I13: =plot_LH1_biomass_and_carbon_poo!K13 -> 0 | J13: =plot_LH1_biomass_and_carbon_poo!X13 -> 0 | K13: =plot_LH1_biomass_and_carbon_poo!AK13 -> 0 | L13: =plot_LH1_biomass_and_carbon_poo!AX13 -> 0
H14: =H13+1/24 -> 0.5 | I14: =plot_LH1_biomass_and_carbon_poo!K14 -> 0 | J14: =plot_LH1_biomass_and_carbon_poo!X14 -> 0 | K14: =plot_LH1_biomass_and_carbon_poo!AK14 -> 0 | L14: =plot_LH1_biomass_and_carbon_poo!AX14 -> 0
H15: =H14+1/24 -> 0.54166667 | I15: =plot_LH1_biomass_and_carbon_poo!K15 -> 0 | J15: =plot_LH1_biomass_and_carbon_poo!X15 -> 0 | K15: =plot_LH1_biomass_and_carbon_poo!AK15 -> 0 | L15: =plot_LH1_biomass_and_carbon_poo!AX15 -> 0
H16: =H15+1/24 -> 0.58333333 | I16: =plot_LH1_biomass_and_carbon_poo!K16 -> 0 | J16: =plot_LH1_biomass_and_carbon_poo!X16 -> 0 | K16: =plot_LH1_biomass_and_carbon_poo!AK16 -> 0 | L16: =plot_LH1_biomass_and_carbon_poo!AX16 -> 0
H17: =H16+1/24 -> 0.625 | I17: =plot_LH1_biomass_and_carbon_poo!K17 -> 0 | J17: =plot_LH1_biomass_and_carbon_poo!X17 -> 0 | K17: =plot_LH1_biomass_and_carbon_poo!AK17 -> 0 | L17: =plot_LH1_biomass_and_carbon_poo!AX17 -> 0
H18: =H17+1/24 -> 0.66666667 | I18: =plot_LH1_biomass_and_carbon_poo!K18 -> 0 | J18: =plot_LH1_biomass_and_carbon_poo!X18 -> 0 | K18: =plot_LH1_biomass_and_carbon_poo!AK18 -> 0 | L18: =plot_LH1_biomass_and_carbon_poo!AX18 -> 0
H19: =H18+1/24 -> 0.70833333 | I19: =plot_LH1_biomass_and_carbon_poo!K19 -> 0 | J19: =plot_LH1_biomass_and_carbon_poo!X19 -> 0 | K19: =plot_LH1_biomass_and_carbon_poo!AK19 -> 0 | L19: =plot_LH1_biomass_and_carbon_poo!AX19 -> 0
H20: =H19+1/24 -> 0.75 | I20: =plot_LH1_biomass_and_carbon_poo!K20 -> 0 | J20: =plot_LH1_biomass_and_carbon_poo!X20 -> 0 | K20: =plot_LH1_biomass_and_carbon_poo!AK20 -> 0 | L20: =plot_LH1_biomass_and_carbon_poo!AX20 -> 0
... H962: =H961+1/24 -> 40 | I962: =plot_LH1_biomass_and_carbon_poo!K962 -> 1.3078694 | J962: =plot_LH1_biomass_and_carbon_poo!X962 -> 0.70098392 | K962: =plot_LH1_biomass_and_carbon_poo!AK962 -> 0.96161367 | L962: =plot_LH1_biomass_and_carbon_poo!AX962 -> 0.82359553

Sheet Starch
A1: In C6 | G1: in C6 | H1: from plot_LH1 "starchC6" | I1: Rows 674-698 | M1: In C | S1: in C
B2: Starch (data) | G2: Starch (simulation) | N2: Starch (data) | S2: Starch (simulation)
A3: Hour | B3: 0 | C3: 12 | D3: 24 | G3: Hour | H3: Col | I3: lsf-1 | J3: prr7/prr9 (starch defect) | K3: prr7/prr9 (starch+store) | M3: Hour | N3: 0 | O3: 12 | P3: 24 | Q3: ave 0,24 | S3: Hour | T3: Col | U3: lsf-1 | V3: prr7/prr9 (starch defect) | W3: prr7/prr9 (starch+store)
A4: Col | B4: 2.41 | C4: 42.7 | D4: 4.55 | F4: day 28 | G4: 0 | H4: =plot_LH1_biomass_and_carbon_poo!L674 -> 2.8870309 | I4: =plot_LH1_biomass_and_carbon_poo!Y674 -> 44.697205 | J4: =plot_LH1_biomass_and_carbon_poo!AL674 -> 14.580095 | K4: =plot_LH1_biomass_and_carbon_poo!AY674 -> 14.644605 | M4: Col | N4: =B4*6 -> 14.46 | O4: =C4*6 -> 256.2 | P4: =D4*6 -> 27.3 | Q4: =AVERAGE(N4,P4) -> 20.88 | S4: 0 | T4: =H4*6 -> 17.322185 | U4: =I4*6 -> 268.18323 | V4: =J4*6 -> 87.48057 | W4: =K4*6 -> 87.867629
A5: SD | B5: 0.35 | C5: 2.37 | D5: 0.31 | G5: =G4+1 -> 1 | H5: =plot_LH1_biomass_and_carbon_poo!L675 -> 6.681108 | I5: =plot_LH1_biomass_and_carbon_poo!Y675 -> 48.706181 | J5: =plot_LH1_biomass_and_carbon_poo!AL675 -> 19.048133 | K5: =plot_LH1_biomass_and_carbon_poo!AY675 -> 19.118438 | M5: SD | N5: =B5*6 -> 2.1 | O5: =C5*6 -> 14.22 | P5: =D5*6 -> 1.86 | S5: =S4+1 -> 1 | T5: =H5*6 -> 40.086648 | U5: =I5*6 -> 292.23709 | V5: =J5*6 -> 114.2888 | W5: =K5*6 -> 114.71063
A6: lsf-1 | B6: 45.28 | C6: 90.19 | D6: 44.25 | G6: =G5+1 -> 2 | H6: =plot_LH1_biomass_and_carbon_poo!L676 -> 10.402175 | I6: =plot_LH1_biomass_and_carbon_poo!Y676 -> 52.638507 | J6: =plot_LH1_biomass_and_carbon_poo!AL676 -> 23.430972 | K6: =plot_LH1_biomass_and_carbon_poo!AY676 -> 23.506173 | M6: lsf-1 | N6: =B6*6 -> 271.68 | O6: =C6*6 -> 541.14 | P6: =D6*6 -> 265.5 | Q6: =AVERAGE(N6,P6) -> 268.59 | S6: =S5+1 -> 2 | T6: =H6*6 -> 62.413047 | U6: =I6*6 -> 315.83104 | V6: =J6*6 -> 140.58583 | W6: =K6*6 -> 141.03704
A7: SD | B7: 1.05 | C7: 4.61 | D7: 2.08 | G7: =G6+1 -> 3 | H7: =plot_LH1_biomass_and_carbon_poo!L677 -> 14.054417 | I7: =plot_LH1_biomass_and_carbon_poo!Y677 -> 56.49732 | J7: =plot_LH1_biomass_and_carbon_poo!AL677 -> 27.732638 | K7: =plot_LH1_biomass_and_carbon_poo!AY677 -> 27.811827 | M7: SD | N7: =B7*6 -> 6.3 | O7: =C7*6 -> 27.66 | P7: =D7*6 -> 12.48 | S7: =S6+1 -> 3 | T7: =H7*6 -> 84.326504 | U7: =I7*6 -> 338.98392 | V7: =J7*6 -> 166.39583 | W7: =K7*6 -> 166.87096
A8: prr7/prr9 | B8: 9.93 | C8: 67.31 | D8: 23.77 | G8: =G7+1 -> 4 | H8: =plot_LH1_biomass_and_carbon_poo!L678 -> 17.639366 | I8: =plot_LH1_biomass_and_carbon_poo!Y678 -> 60.285597 | J8: =plot_LH1_biomass_and_carbon_poo!AL678 -> 31.955173 | K8: =plot_LH1_biomass_and_carbon_poo!AY678 -> 32.038148 | M8: prr7/prr9 | N8: =B8*6 -> 59.58 | O8: =C8*6 -> 403.86 | P8: =D8*6 -> 142.62 | Q8: =AVERAGE(N8,P8) -> 101.1 | S8: =S7+1 -> 4 | T8: =H8*6 -> 105.8362 | U8: =I8*6 -> 361.71358 | V8: =J8*6 -> 191.73104 | W8: =K8*6 -> 192.22889
A9: SD | B9: 0.08 | C9: 0.01 | D9: 0.14 | G9: =G8+1 -> 5 | H9: =plot_LH1_biomass_and_carbon_poo!L679 -> 21.158514 | I9: =plot_LH1_biomass_and_carbon_poo!Y679 -> 64.004798 | J9: =plot_LH1_biomass_and_carbon_poo!AL679 -> 36.100322 | K9: =plot_LH1_biomass_and_carbon_poo!AY679 -> 36.186871 | M9: SD | N9: =B9*6 -> 0.48 | O9: =C9*6 -> 0.06 | P9: =D9*6 -> 0.84 | S9: =S8+1 -> 5 | T9: =H9*6 -> 126.95108 | U9: =I9*6 -> 384.02879 | V9: =J9*6 -> 216.60193 | W9: =K9*6 -> 217.12122
G10: =G9+1 -> 6 | H10: =plot_LH1_biomass_and_carbon_poo!L680 -> 24.61331 | I10: =plot_LH1_biomass_and_carbon_poo!Y680 -> 67.656436 | J10: =plot_LH1_biomass_and_carbon_poo!AL680 -> 40.169787 | K10: =plot_LH1_biomass_and_carbon_poo!AY680 -> 40.259706 | S10: =S9+1 -> 6 | T10: =H10*6 -> 147.67986 | U10: =I10*6 -> 405.93862 | V10: =J10*6 -> 241.01872 | W10: =K10*6 -> 241.55824
G11: =G10+1 -> 7 | H11: =plot_LH1_biomass_and_carbon_poo!L681 -> 28.067473 | I11: =plot_LH1_biomass_and_carbon_poo!Y681 -> 71.241979 | J11: =plot_LH1_biomass_and_carbon_poo!AL681 -> 44.165218 | K11: =plot_LH1_biomass_and_carbon_poo!AY681 -> 44.258314 | S11: =S10+1 -> 7 | T11: =H11*6 -> 168.40484 | U11: =I11*6 -> 427.45187 | V11: =J11*6 -> 264.99131 | W11: =K11*6 -> 265.54989
G12: =G11+1 -> 8 | H12: =plot_LH1_biomass_and_carbon_poo!L682 -> 31.45638 | I12: =plot_LH1_biomass_and_carbon_poo!Y682 -> 74.76285 | J12: =plot_LH1_biomass_and_carbon_poo!AL682 -> 48.162167 | K12: =plot_LH1_biomass_and_carbon_poo!AY682 -> 48.257673 | S12: =S11+1 -> 8 | T12: =H12*6 -> 188.73828 | U12: =I12*6 -> 448.5771 | V12: =J12*6 -> 288.973 | W12: =K12*6 -> 289.54604
A13: P.ksX = 10*P.ksX; | G13: =G12+1 -> 9 | H13: =plot_LH1_biomass_and_carbon_poo!L683 -> 34.784054 | I13: =plot_LH1_biomass_and_carbon_poo!Y683 -> 78.288428 | J13: =plot_LH1_biomass_and_carbon_poo!AL683 -> 52.082756 | K13: =plot_LH1_biomass_and_carbon_poo!AY683 -> 52.180395 | S13: =S12+1 -> 9 | T13: =H13*6 -> 208.70432 | U13: =I13*6 -> 469.73057 | V13: =J13*6 -> 312.49654 | W13: =K13*6 -> 313.08237
A14: P.kdS = 0.045*P.kdS; | G14: =G13+1 -> 10 | H14: =plot_LH1_biomass_and_carbon_poo!L684 -> 38.051738 | I14: =plot_LH1_biomass_and_carbon_poo!Y684 -> 81.744092 | J14: =plot_LH1_biomass_and_carbon_poo!AL684 -> 55.932817 | K14: =plot_LH1_biomass_and_carbon_poo!AY684 -> 56.032305 | S14: =S13+1 -> 10 | T14: =H14*6 -> 228.31043 | U14: =I14*6 -> 490.46455 | V14: =J14*6 -> 335.5969 | W14: =K14*6 -> 336.19383
G15: =G14+1 -> 11 | H15: =plot_LH1_biomass_and_carbon_poo!L685 -> 41.260669 | I15: =plot_LH1_biomass_and_carbon_poo!Y685 -> 85.138054 | J15: =plot_LH1_biomass_and_carbon_poo!AL685 -> 59.71377 | K15: =plot_LH1_biomass_and_carbon_poo!AY685 -> 59.814985 | S15: =S14+1 -> 11 | T15: =H15*6 -> 247.56402 | U15: =I15*6 -> 510.82832 | V15: =J15*6 -> 358.28262 | W15: =K15*6 -> 358.88991
G16: =G15+1 -> 12 | H16: =plot_LH1_biomass_and_carbon_poo!L686 -> 44.412052 | I16: =plot_LH1_biomass_and_carbon_poo!Y686 -> 88.471596 | J16: =plot_LH1_biomass_and_carbon_poo!AL686 -> 63.427028 | K16: =plot_LH1_biomass_and_carbon_poo!AY686 -> 63.529847 | S16: =S15+1 -> 12 | T16: =H16*6 -> 266.47231 | U16: =I16*6 -> 530.82958 | V16: =J16*6 -> 380.56217 | W16: =K16*6 -> 381.17908
G17: =G16+1 -> 13 | H17: =plot_LH1_biomass_and_carbon_poo!L687 -> 40.066529 | I17: =plot_LH1_biomass_and_carbon_poo!Y687 -> 84.045652 | J17: =plot_LH1_biomass_and_carbon_poo!AL687 -> 58.615734 | K17: =plot_LH1_biomass_and_carbon_poo!AY687 -> 58.726469 | S17: =S16+1 -> 13 | T17: =H17*6 -> 240.39917 | U17: =I17*6 -> 504.27391 | V17: =J17*6 -> 351.6944 | W17: =K17*6 -> 352.35881
G18: =G17+1 -> 14 | H18: =plot_LH1_biomass_and_carbon_poo!L688 -> 35.854955 | I18: =plot_LH1_biomass_and_carbon_poo!Y688 -> 79.755128 | J18: =plot_LH1_biomass_and_carbon_poo!AL688 -> 53.920439 | K18: =plot_LH1_biomass_and_carbon_poo!AY688 -> 54.036499 | S18: =S17+1 -> 14 | T18: =H18*6 -> 215.12973 | U18: =I18*6 -> 478.53077 | V18: =J18*6 -> 323.52263 | W18: =K18*6 -> 324.21899
G19: =G18+1 -> 15 | H19: =plot_LH1_biomass_and_carbon_poo!L689 -> 31.787268 | I19: =plot_LH1_biomass_and_carbon_poo!Y689 -> 75.603843 | J19: =plot_LH1_biomass_and_carbon_poo!AL689 -> 49.349055 | K19: =plot_LH1_biomass_and_carbon_poo!AY689 -> 49.468123 | S19: =S18+1 -> 15 | T19: =H19*6 -> 190.72361 | U19: =I19*6 -> 453.62306 | V19: =J19*6 -> 296.09433 | W19: =K19*6 -> 296.80874
G20: =G19+1 -> 16 | H20: =plot_LH1_biomass_and_carbon_poo!L690 -> 27.867066 | I20: =plot_LH1_biomass_and_carbon_poo!Y690 -> 71.589346 | J20: =plot_LH1_biomass_and_carbon_poo!AL690 -> 44.903875 | K20: =plot_LH1_biomass_and_carbon_poo!AY690 -> 45.023619 | S20: =S19+1 -> 16 | T20: =H20*6 -> 167.2024 | U20: =I20*6 -> 429.53607 | V20: =J20*6 -> 269.42325 | W20: =K20*6 -> 270.14171
G21: =G20+1 -> 17 | H21: =plot_LH1_biomass_and_carbon_poo!L691 -> 24.100709 | I21: =plot_LH1_biomass_and_carbon_poo!Y691 -> 67.709307 | J21: =plot_LH1_biomass_and_carbon_poo!AL691 -> 40.586022 | K21: =plot_LH1_biomass_and_carbon_poo!AY691 -> 40.704248 | S21: =S20+1 -> 17 | T21: =H21*6 -> 144.60426 | U21: =I21*6 -> 406.25584 | V21: =J21*6 -> 243.51613 | W21: =K21*6 -> 244.22549
G22: =G21+1 -> 18 | H22: =plot_LH1_biomass_and_carbon_poo!L692 -> 20.496194 | I22: =plot_LH1_biomass_and_carbon_poo!Y692 -> 63.964225 | J22: =plot_LH1_biomass_and_carbon_poo!AL692 -> 36.401948 | K22: =plot_LH1_biomass_and_carbon_poo!AY692 -> 36.516656 | S22: =S21+1 -> 18 | T22: =H22*6 -> 122.97716 | U22: =I22*6 -> 383.78535 | V22: =J22*6 -> 218.41169 | W22: =K22*6 -> 219.09994
G23: =G22+1 -> 19 | H23: =plot_LH1_biomass_and_carbon_poo!L693 -> 17.060251 | I23: =plot_LH1_biomass_and_carbon_poo!Y693 -> 60.347264 | J23: =plot_LH1_biomass_and_carbon_poo!AL693 -> 32.352853 | K23: =plot_LH1_biomass_and_carbon_poo!AY693 -> 32.461858 | S23: =S22+1 -> 19 | T23: =H23*6 -> 102.36151 | U23: =I23*6 -> 362.08358 | V23: =J23*6 -> 194.11712 | W23: =K23*6 -> 194.77115
G24: =G23+1 -> 20 | H24: =plot_LH1_biomass_and_carbon_poo!L694 -> 13.805066 | I24: =plot_LH1_biomass_and_carbon_poo!Y694 -> 56.858226 | J24: =plot_LH1_biomass_and_carbon_poo!AL694 -> 28.444401 | K24: =plot_LH1_biomass_and_carbon_poo!AY694 -> 28.546405 | S24: =S23+1 -> 20 | T24: =H24*6 -> 82.830394 | U24: =I24*6 -> 341.14935 | V24: =J24*6 -> 170.66641 | W24: =K24*6 -> 171.27843
G25: =G24+1 -> 21 | H25: =plot_LH1_biomass_and_carbon_poo!L695 -> 10.744124 | I25: =plot_LH1_biomass_and_carbon_poo!Y695 -> 53.495129 | J25: =plot_LH1_biomass_and_carbon_poo!AL695 -> 24.682918 | K25: =plot_LH1_biomass_and_carbon_poo!AY695 -> 24.776391 | S25: =S24+1 -> 21 | T25: =H25*6 -> 64.464745 | U25: =I25*6 -> 320.97078 | V25: =J25*6 -> 148.09751 | W25: =K25*6 -> 148.65834
G26: =G25+1 -> 22 | H26: =plot_LH1_biomass_and_carbon_poo!L696 -> 7.8930993 | I26: =plot_LH1_biomass_and_carbon_poo!Y696 -> 50.256077 | J26: =plot_LH1_biomass_and_carbon_poo!AL696 -> 21.075545 | K26: =plot_LH1_biomass_and_carbon_poo!AY696 -> 21.159146 | S26: =S25+1 -> 22 | T26: =H26*6 -> 47.358596 | U26: =I26*6 -> 301.53646 | V26: =J26*6 -> 126.45327 | W26: =K26*6 -> 126.95487
G27: =G26+1 -> 23 | H27: =plot_LH1_biomass_and_carbon_poo!L697 -> 5.263888 | I27: =plot_LH1_biomass_and_carbon_poo!Y697 -> 47.139041 | J27: =plot_LH1_biomass_and_carbon_poo!AL697 -> 17.630845 | K27: =plot_LH1_biomass_and_carbon_poo!AY697 -> 17.703444 | S27: =S26+1 -> 23 | T27: =H27*6 -> 31.583328 | U27: =I27*6 -> 282.83424 | V27: =J27*6 -> 105.78507 | W27: =K27*6 -> 106.22067
F28: day 29 | G28: =G27+1 -> 24 | H28: =plot_LH1_biomass_and_carbon_poo!L698 -> 2.8580306 | I28: =plot_LH1_biomass_and_carbon_poo!Y698 -> 44.141126 | J28: =plot_LH1_biomass_and_carbon_poo!AL698 -> 14.35895 | K28: =plot_LH1_biomass_and_carbon_poo!AY698 -> 14.419688 | S28: =S27+1 -> 24 | T28: =H28*6 -> 17.148183 | U28: =I28*6 -> 264.84675 | V28: =J28*6 -> 86.153702 | W28: =K28*6 -> 86.518126

Sheet M+F
A1: In C4 | G1: in C4 | M1: In C | S1: in C
B2: M+F (data) | G2: M+F (simulation) | N2: M+F (data) | S2: M+F (simulation)
A3: Hour | B3: 0 | C3: 12 | D3: 24 | G3: Hour | H3: Col | I3: lsf-1 | J3: prr7/prr9 (starch defect) | K3: prr7/prr9 (starch+store) | M3: Hour | N3: 0 | O3: 12 | P3: 24 | Q3: ave 0,24 | S3: Hour | T3: Col | U3: lsf-1 | V3: prr7/prr9 (starch defect) | W3: prr7/prr9 (starch+store)
A4: Col | B4: 4.85 | C4: 17.87 | D4: 5.38 | G4: 0 | H4: =plot_LH1_biomass_and_carbon_poo!M674 -> 4.9216232 | I4: =plot_LH1_biomass_and_carbon_poo!Z674 -> 6.0991455 | J4: =plot_LH1_biomass_and_carbon_poo!AM674 -> 6.0381205 | K4: =plot_LH1_biomass_and_carbon_poo!AZ674 -> 28.77532 | M4: Col | N4: =B4*4 -> 19.4 | O4: =C4*4 -> 71.48 | P4: =D4*4 -> 21.52 | Q4: =AVERAGE(N4,P4) -> 20.46 | S4: 0 | T4: =H4*4 -> 19.686493 | U4: =I4*4 -> 24.396582 | V4: =J4*4 -> 24.152482 | W4: =K4*4 -> 115.10128
A5: SD | B5: 0.51 | C5: 1.24 | D5: 0.71 | G5: =G4+1 -> 1 | H5: =plot_LH1_biomass_and_carbon_poo!M675 -> 5.9964925 | I5: =plot_LH1_biomass_and_carbon_poo!Z675 -> 7.4165517 | J5: =plot_LH1_biomass_and_carbon_poo!AM675 -> 7.3525131 | K5: =plot_LH1_biomass_and_carbon_poo!AZ675 -> 29.735539 | M5: SD | N5: =B5*4 -> 2.04 | O5: =C5*4 -> 4.96 | P5: =D5*4 -> 2.84 | S5: =S4+1 -> 1 | T5: =H5*4 -> 23.98597 | U5: =I5*4 -> 29.666207 | V5: =J5*4 -> 29.410052 | W5: =K5*4 -> 118.94216
A6: lsf-1 | B6: 6.62 | C6: 24.18 | D6: 7.85 | G6: =G5+1 -> 2 | H6: =plot_LH1_biomass_and_carbon_poo!M676 -> 7.0508421 | I6: =plot_LH1_biomass_and_carbon_poo!Z676 -> 8.708421 | J6: =plot_LH1_biomass_and_carbon_poo!AM676 -> 8.6419114 | K6: =plot_LH1_biomass_and_carbon_poo!AZ676 -> 30.678316 | M6: lsf-1 | N6: =B6*4 -> 26.48 | O6: =C6*4 -> 96.72 | P6: =D6*4 -> 31.4 | Q6: =AVERAGE(N6,P6) -> 28.94 | S6: =S5+1 -> 2 | T6: =H6*4 -> 28.203368 | U6: =I6*4 -> 34.833684 | V6: =J6*4 -> 34.567646 | W6: =K6*4 -> 122.71327
A7: SD | B7: 1.18 | C7: 1.07 | D7: 0.27 | G7: =G6+1 -> 3 | H7: =plot_LH1_biomass_and_carbon_poo!M677 -> 8.0857867 | I7: =plot_LH1_biomass_and_carbon_poo!Z677 -> 9.975943 | J7: =plot_LH1_biomass_and_carbon_poo!AM677 -> 9.9074692 | K7: =plot_LH1_biomass_and_carbon_poo!AZ677 -> 31.60404 | M7: SD | N7: =B7*4 -> 4.72 | O7: =C7*4 -> 4.28 | P7: =D7*4 -> 1.08 | S7: =S6+1 -> 3 | T7: =H7*4 -> 32.343147 | U7: =I7*4 -> 39.903772 | V7: =J7*4 -> 39.629877 | W7: =K7*4 -> 126.41616
A8: prr7/prr9 | B8: 18.65 | C8: 41.8 | D8: 25.31 | G8: =G7+1 -> 4 | H8: =plot_LH1_biomass_and_carbon_poo!M678 -> 9.1017423 | I8: =plot_LH1_biomass_and_carbon_poo!Z678 -> 11.220111 | J8: =plot_LH1_biomass_and_carbon_poo!AM678 -> 11.149781 | K8: =plot_LH1_biomass_and_carbon_poo!AZ678 -> 32.513237 | M8: prr7/prr9 | N8: =B8*4 -> 74.6 | O8: =C8*4 -> 167.2 | P8: =D8*4 -> 101.24 | Q8: =AVERAGE(N8,P8) -> 87.92 | S8: =S7+1 -> 4 | T8: =H8*4 -> 36.406969 | U8: =I8*4 -> 44.880444 | V8: =J8*4 -> 44.599124 | W8: =K8*4 -> 130.05295
A9: SD | B9: 2.14 | C9: 2.69 | D9: 4.04 | G9: =G8+1 -> 5 | H9: =plot_LH1_biomass_and_carbon_poo!M679 -> 10.099128 | I9: =plot_LH1_biomass_and_carbon_poo!Z679 -> 12.441428 | J9: =plot_LH1_biomass_and_carbon_poo!AM679 -> 12.369359 | K9: =plot_LH1_biomass_and_carbon_poo!AZ679 -> 33.406232 | M9: SD | N9: =B9*4 -> 8.56 | O9: =C9*4 -> 10.76 | P9: =D9*4 -> 16.16 | S9: =S8+1 -> 5 | T9: =H9*4 -> 40.396513 | U9: =I9*4 -> 49.765712 | V9: =J9*4 -> 49.477435 | W9: =K9*4 -> 133.62493
G10: =G9+1 -> 6 | H10: =plot_LH1_biomass_and_carbon_poo!M680 -> 11.078352 | I10: =plot_LH1_biomass_and_carbon_poo!Z680 -> 13.640399 | J10: =plot_LH1_biomass_and_carbon_poo!AM680 -> 13.566701 | K10: =plot_LH1_biomass_and_carbon_poo!AZ680 -> 34.283369 | S10: =S9+1 -> 6 | T10: =H10*4 -> 44.313406 | U10: =I10*4 -> 54.561594 | V10: =J10*4 -> 54.266804 | W10: =K10*4 -> 137.13347
G11: =G10+1 -> 7 | H11: =plot_LH1_biomass_and_carbon_poo!M681 -> 12.057823 | I11: =plot_LH1_biomass_and_carbon_poo!Z681 -> 14.817512 | J11: =plot_LH1_biomass_and_carbon_poo!AM681 -> 14.742292 | K11: =plot_LH1_biomass_and_carbon_poo!AZ681 -> 35.144983 | S11: =S10+1 -> 7 | T11: =H11*4 -> 48.231292 | U11: =I11*4 -> 59.270047 | V11: =J11*4 -> 58.969169 | W11: =K11*4 -> 140.57993
G12: =G11+1 -> 8 | H12: =plot_LH1_biomass_and_carbon_poo!M682 -> 13.01852 | I12: =plot_LH1_biomass_and_carbon_poo!Z682 -> 15.973242 | J12: =plot_LH1_biomass_and_carbon_poo!AM682 -> 15.918512 | K12: =plot_LH1_biomass_and_carbon_poo!AZ682 -> 36.009409 | S12: =S11+1 -> 8 | T12: =H12*4 -> 52.07408 | U12: =I12*4 -> 63.892968 | V12: =J12*4 -> 63.674047 | W12: =K12*4 -> 144.03764
G13: =G12+1 -> 9 | H13: =plot_LH1_biomass_and_carbon_poo!M683 -> 13.961933 | I13: =plot_LH1_biomass_and_carbon_poo!Z683 -> 17.129633 | J13: =plot_LH1_biomass_and_carbon_poo!AM683 -> 17.072144 | K13: =plot_LH1_biomass_and_carbon_poo!AZ683 -> 36.855584 | S13: =S12+1 -> 9 | T13: =H13*4 -> 55.847732 | U13: =I13*4 -> 68.518531 | V13: =J13*4 -> 68.288576 | W13: =K13*4 -> 147.42233
G14: =G13+1 -> 10 | H14: =plot_LH1_biomass_and_carbon_poo!M684 -> 14.888408 | I14: =plot_LH1_biomass_and_carbon_poo!Z684 -> 18.26366 | J14: =plot_LH1_biomass_and_carbon_poo!AM684 -> 18.205054 | K14: =plot_LH1_biomass_and_carbon_poo!AZ684 -> 37.686934 | S14: =S13+1 -> 10 | T14: =H14*4 -> 59.55363 | U14: =I14*4 -> 73.054642 | V14: =J14*4 -> 72.820217 | W14: =K14*4 -> 150.74773
G15: =G14+1 -> 11 | H15: =plot_LH1_biomass_and_carbon_poo!M685 -> 15.798291 | I15: =plot_LH1_biomass_and_carbon_poo!Z685 -> 19.377292 | J15: =plot_LH1_biomass_and_carbon_poo!AM685 -> 19.317657 | K15: =plot_LH1_biomass_and_carbon_poo!AZ685 -> 38.503769 | S15: =S14+1 -> 11 | T15: =H15*4 -> 63.193165 | U15: =I15*4 -> 77.509169 | V15: =J15*4 -> 77.27063 | W15: =K15*4 -> 154.01508
G16: =G15+1 -> 12 | H16: =plot_LH1_biomass_and_carbon_poo!M686 -> 16.691923 | I16: =plot_LH1_biomass_and_carbon_poo!Z686 -> 20.47096 | J16: =plot_LH1_biomass_and_carbon_poo!AM686 -> 20.410368 | K16: =plot_LH1_biomass_and_carbon_poo!AZ686 -> 39.306371 | S16: =S15+1 -> 12 | T16: =H16*4 -> 66.767691 | U16: =I16*4 -> 81.883841 | V16: =J16*4 -> 81.641473 | W16: =K16*4 -> 157.22548
G17: =G16+1 -> 13 | H17: =plot_LH1_biomass_and_carbon_poo!M687 -> 15.658233 | I17: =plot_LH1_biomass_and_carbon_poo!Z687 -> 19.223478 | J17: =plot_LH1_biomass_and_carbon_poo!AM687 -> 19.157335 | K17: =plot_LH1_biomass_and_carbon_poo!AZ687 -> 38.372923 | S17: =S16+1 -> 13 | T17: =H17*4 -> 62.632931 | U17: =I17*4 -> 76.893914 | V17: =J17*4 -> 76.629338 | W17: =K17*4 -> 153.49169
G18: =G17+1 -> 14 | H18: =plot_LH1_biomass_and_carbon_poo!M688 -> 14.633829 | I18: =plot_LH1_biomass_and_carbon_poo!Z688 -> 17.984204 | J18: =plot_LH1_biomass_and_carbon_poo!AM688 -> 17.913328 | K18: =plot_LH1_biomass_and_carbon_poo!AZ688 -> 37.446853 | S18: =S17+1 -> 14 | T18: =H18*4 -> 58.535318 | U18: =I18*4 -> 71.936816 | V18: =J18*4 -> 71.653312 | W18: =K18*4 -> 149.78741
G19: =G18+1 -> 15 | H19: =plot_LH1_biomass_and_carbon_poo!M689 -> 13.619154 | I19: =plot_LH1_biomass_and_carbon_poo!Z689 -> 16.753701 | J19: =plot_LH1_biomass_and_carbon_poo!AM689 -> 16.679035 | K19: =plot_LH1_biomass_and_carbon_poo!AZ689 -> 36.530116 | S19: =S18+1 -> 15 | T19: =H19*4 -> 54.476615 | U19: =I19*4 -> 67.014806 | V19: =J19*4 -> 66.716139 | W19: =K19*4 -> 146.12046
G20: =G19+1 -> 16 | H20: =plot_LH1_biomass_and_carbon_poo!M690 -> 12.613728 | I20: =plot_LH1_biomass_and_carbon_poo!Z690 -> 15.531427 | J20: =plot_LH1_biomass_and_carbon_poo!AM690 -> 15.454036 | K20: =plot_LH1_biomass_and_carbon_poo!AZ690 -> 35.622498 | S20: =S19+1 -> 16 | T20: =H20*4 -> 50.454911 | U20: =I20*4 -> 62.125709 | V20: =J20*4 -> 61.816145 | W20: =K20*4 -> 142.48999
G21: =G20+1 -> 17 | H21: =plot_LH1_biomass_and_carbon_poo!M691 -> 11.617101 | I21: =plot_LH1_biomass_and_carbon_poo!Z691 -> 14.316855 | J21: =plot_LH1_biomass_and_carbon_poo!AM691 -> 14.237888 | K21: =plot_LH1_biomass_and_carbon_poo!AZ691 -> 34.723745 | S21: =S20+1 -> 17 | T21: =H21*4 -> 46.468402 | U21: =I21*4 -> 57.267419 | V21: =J21*4 -> 56.951553 | W21: =K21*4 -> 138.89498
... G28: =G27+1 -> 24 | H28: =plot_LH1_biomass_and_carbon_poo!M698 -> 4.844765 | I28: =plot_LH1_biomass_and_carbon_poo!Z698 -> 5.9894044 | J28: =plot_LH1_biomass_and_carbon_poo!AM698 -> 5.9369768 | K28: =plot_LH1_biomass_and_carbon_poo!AZ698 -> 28.673086 | S28: =S27+1 -> 24 | T28: =H28*4 -> 19.37906 | U28: =I28*4 -> 23.957618 | V28: =J28*4 -> 23.747907 | W28: =K28*4 -> 114.69234
N30: M+F + starch (data)
M31: Hour | N31: 0 | O31: 12 | P31: 24 | R31: Turnover
M32: Col | N32: =N4+Starch!N4 -> 33.86 | O32: =O4+Starch!O4 -> 327.68 | P32: =P4+Starch!P4 -> 48.82 | R32: =(O32-P32)/O32 -> 0.85101318
M34: lsf-1 | N34: =N6+Starch!N6 -> 298.16 | O34: =O6+Starch!O6 -> 637.86 | P34: =P6+Starch!P6 -> 296.9 | R34: =(O34-P34)/O34 -> 0.53453736
M36: prr7/prr9 | N36: =N8+Starch!N8 -> 134.18 | O36: =O8+Starch!O8 -> 571.06 | P36: =P8+Starch!P8 -> 243.86 | R36: =(O36-P36)/O36 -> 0.57296957

Sheet plot_LH1_biomass_and_carbon_poo
A1: simulation | B1: WT | C1: WT | D1: WT | E1: WT | F1: WT | G1: WT | H1: WT | I1: WT | J1: WT | K1: WT | L1: WT | M1: WT | N1: WT | O1: lsf1 | P1: lsf1 | Q1: lsf1 | R1: lsf1 | S1: lsf1 | T1: lsf1 | U1: lsf1 | V1: lsf1 | W1: lsf1 | X1: lsf1 | Y1: lsf1 | Z1: lsf1 | AA1: lsf1 | AB1: prr7prr9_noMF | AC1: prr7prr9_noMF | AD1: prr7prr9_noMF | AE1: prr7prr9_noMF | AF1: prr7prr9_noMF | AG1: prr7prr9_noMF | AH1: prr7prr9_noMF | AI1: prr7prr9_noMF | AJ1: prr7prr9_noMF | AK1: prr7prr9_noMF | AL1: prr7prr9_noMF | AM1: prr7prr9_noMF | AN1: prr7prr9_noMF | AO1: prr7prr9 | AP1: prr7prr9 | AQ1: prr7prr9 | AR1: prr7prr9 | AS1: prr7prr9 | AT1: prr7prr9 | AU1: prr7prr9 | AV1: prr7prr9 | AW1: prr7prr9 | AX1: prr7prr9 | AY1: prr7prr9 | AZ1: prr7prr9 | BA1: prr7prr9
A2: variable | B2: Total_shoot | C2: Starch_carbon | D2: MF_carbon | E2: starch | F2: sucrose | G2: NPP | H2: Gas_exchange_perFW | I2: starch_perFW | J2: sucrose_perFW | K2: FW | L2: starchC6 | M2: malatefumarateC4 | N2: sugar | O2: Total_shoot | P2: Starch_carbon | Q2: MF_carbon | R2: starch | S2: sucrose | T2: NPP | U2: Gas_exchange_perFW | V2: starch_perFW | W2: sucrose_perFW | X2: FW | Y2: starchC6 | Z2: malatefumarateC4 | AA2: sugar | AB2: Total_shoot | AC2: Starch_carbon | AD2: MF_carbon | AE2: starch | AF2: sucrose | AG2: NPP | AH2: Gas_exchange_perFW | AI2: starch_perFW | AJ2: sucrose_perFW | AK2: FW | AL2: starchC6 | AM2: malatefumarateC4 | AN2: sugar | AO2: Total_shoot | AP2: Starch_carbon | AQ2: MF_carbon | AR2: starch | AS2: sucrose | AT2: NPP | AU2: Gas_exchange_perFW | AV2: starch_perFW | AW2: sucrose_perFW | AX2: FW | AY2: starchC6 | AZ2: malatefumarateC4 | BA2: sugar
A3: 0 | B3: 0 | C3: 0 | D3: 0 | E3: 0 | F3: 0 | G3: 0 | K3: 0 | O3: 0 | P3: 0 | Q3: 0 | R3: 0 | S3: 0 | T3: 0 | X3: 0 | AB3: 0 | AC3: 0 | AD3: 0 | AE3: 0 | AF3: 0 | AG3: 0 | AK3: 0 | AO3: 0 | AP3: 0 | AQ3: 0 | AR3: 0 | AS3: 0 | AT3: 0 | AX3: 0
A4: 1 | B4: 0 | C4: 0 | D4: 0 | E4: 0 | F4: 0 | G4: 0 | K4: 0 | O4: 0 | P4: 0 | Q4: 0 | R4: 0 | S4: 0 | T4: 0 | X4: 0 | AB4: 0 | AC4: 0 | AD4: 0 | AE4: 0 | AF4: 0 | AG4: 0 | AK4: 0 | AO4: 0 | AP4: 0 | AQ4: 0 | AR4: 0 | AS4: 0 | AT4: 0 | AX4: 0
A5: 2 | B5: 0 | C5: 0 | D5: 0 | E5: 0 | F5: 0 | G5: 0 | K5: 0 | O5: 0 | P5: 0 | Q5: 0 | R5: 0 | S5: 0 | T5: 0 | X5: 0 | AB5: 0 | AC5: 0 | AD5: 0 | AE5: 0 | AF5: 0 | AG5: 0 | AK5: 0 | AO5: 0 | AP5: 0 | AQ5: 0 | AR5: 0 | AS5: 0 | AT5: 0 | AX5: 0
A6: 3 | B6: 0 | C6: 0 | D6: 0 | E6: 0 | F6: 0 | G6: 0 | K6: 0 | O6: 0 | P6: 0 | Q6: 0 | R6: 0 | S6: 0 | T6: 0 | X6: 0 | AB6: 0 | AC6: 0 | AD6: 0 | AE6: 0 | AF6: 0 | AG6: 0 | AK6: 0 | AO6: 0 | AP6: 0 | AQ6: 0 | AR6: 0 | AS6: 0 | AT6: 0 | AX6: 0
A7: 4 | B7: 0 | C7: 0 | D7: 0 | E7: 0 | F7: 0 | G7: 0 | K7: 0 | O7: 0 | P7: 0 | Q7: 0 | R7: 0 | S7: 0 | T7: 0 | X7: 0 | AB7: 0 | AC7: 0 | AD7: 0 | AE7: 0 | AF7: 0 | AG7: 0 | AK7: 0 | AO7: 0 | AP7: 0 | AQ7: 0 | AR7: 0 | AS7: 0 | AT7: 0 | AX7: 0
A8: 5 | B8: 0 | C8: 0 | D8: 0 | E8: 0 | F8: 0 | G8: 0 | K8: 0 | O8: 0 | P8: 0 | Q8: 0 | R8: 0 | S8: 0 | T8: 0 | X8: 0 | AB8: 0 | AC8: 0 | AD8: 0 | AE8: 0 | AF8: 0 | AG8: 0 | AK8: 0 | AO8: 0 | AP8: 0 | AQ8: 0 | AR8: 0 | AS8: 0 | AT8: 0 | AX8: 0
A9: 6 | B9: 0 | C9: 0 | D9: 0 | E9: 0 | F9: 0 | G9: 0 | K9: 0 | O9: 0 | P9: 0 | Q9: 0 | R9: 0 | S9: 0 | T9: 0 | X9: 0 | AB9: 0 | AC9: 0 | AD9: 0 | AE9: 0 | AF9: 0 | AG9: 0 | AK9: 0 | AO9: 0 | AP9: 0 | AQ9: 0 | AR9: 0 | AS9: 0 | AT9: 0 | AX9: 0
A10: 7 | B10: 0 | C10: 0 | D10: 0 | E10: 0 | F10: 0 | G10: 0 | K10: 0 | O10: 0 | P10: 0 | Q10: 0 | R10: 0 | S10: 0 | T10: 0 | X10: 0 | AB10: 0 | AC10: 0 | AD10: 0 | AE10: 0 | AF10: 0 | AG10: 0 | AK10: 0 | AO10: 0 | AP10: 0 | AQ10: 0 | AR10: 0 | AS10: 0 | AT10: 0 | AX10: 0
A11: 8 | B11: 0 | C11: 0 | D11: 0 | E11: 0 | F11: 0 | G11: 0 | K11: 0 | O11: 0 | P11: 0 | Q11: 0 | R11: 0 | S11: 0 | T11: 0 | X11: 0 | AB11: 0 | AC11: 0 | AD11: 0 | AE11: 0 | AF11: 0 | AG11: 0 | AK11: 0 | AO11: 0 | AP11: 0 | AQ11: 0 | AR11: 0 | AS11: 0 | AT11: 0 | AX11: 0
A12: 9 | B12: 0 | C12: 0 | D12: 0 | E12: 0 | F12: 0 | G12: 0 | K12: 0 | O12: 0 | P12: 0 | Q12: 0 | R12: 0 | S12: 0 | T12: 0 | X12: 0 | AB12: 0 | AC12: 0 | AD12: 0 | AE12: 0 | AF12: 0 | AG12: 0 | AK12: 0 | AO12: 0 | AP12: 0 | AQ12: 0 | AR12: 0 | AS12: 0 | AT12: 0 | AX12: 0
A13: 10 | B13: 0 | C13: 0 | D13: 0 | E13: 0 | F13: 0 | G13: 0 | K13: 0 | O13: 0 | P13: 0 | Q13: 0 | R13: 0 | S13: 0 | T13: 0 | X13: 0 | AB13: 0 | AC13: 0 | AD13: 0 | AE13: 0 | AF13: 0 | AG13: 0 | AK13: 0 | AO13: 0 | AP13: 0 | AQ13: 0 | AR13: 0 | AS13: 0 | AT13: 0 | AX13: 0
A14: 11 | B14: 0 | C14: 0 | D14: 0 | E14: 0 | F14: 0 | G14: 0 | K14: 0 | O14: 0 | P14: 0 | Q14: 0 | R14: 0 | S14: 0 | T14: 0 | X14: 0 | AB14: 0 | AC14: 0 | AD14: 0 | AE14: 0 | AF14: 0 | AG14: 0 | AK14: 0 | AO14: 0 | AP14: 0 | AQ14: 0 | AR14: 0 | AS14: 0 | AT14: 0 | AX14: 0
... A152: 149 | B152: 0 | C152: 0 | D152: 0 | E152: 0 | F152: 0 | G152: 0 | K152: 0 | O152: 0 | P152: 0 | Q152: 0 | R152: 0 | S152: 0 | T152: 0 | X152: 0 | AB152: 0 | AC152: 0 | AD152: 0 | AE152: 0 | AF152: 0 | AG152: 0 | AK152: 0 | AO152: 0 | AP152: 0 | AQ152: 0 | AR152: 0 | AS152: 0 | AT152: 0 | AX152: 0
A153: 150 | B153: 1.5999971e-05 | C153: 4e-07 | D153: 1.6e-07 | E153: 4e-07 | F153: 2e-07 | G153: 2.6209255e-07 | H153: 0.0014742733 | I153: 0.0022500041 | J153: 0.001125002 | K153: 0.00017777746 | L153: 31.250057 | M153: 18.750034 | N153: 7.8125142 | O153: 1.5999971e-05 | P153: 4e-07 | Q153: 1.6e-07 | R153: 4e-07 | S153: 2e-07 | T153: 2.6209255e-07 | U153: 0.0018018896 | V153: 0.002750005 | W153: 0.0013750025 | X153: 0.00014545428 | Y153: 38.194514 | Z153: 22.916708 | AA153: 9.5486284 | AB153: 1.5999971e-05 | AC153: 4e-07 | AD153: 1.6e-07 | AE153: 4e-07 | AF153: 2e-07 | AG153: 2.6209255e-07 | AH153: 0.0018018896 | AI153: 0.002750005 | AJ153: 0.0013750025 | AK153: 0.00014545428 | AL153: 38.194514 | AM153: 22.916708 | AN153: 9.5486284 | AO153: 1.5999971e-05 | AP153: 4e-07 | AQ153: 1.6e-07 | AR153: 4e-07 | AS153: 2e-07 | AT153: 2.6209255e-07 | AU153: 0.0018018896 | AV153: 0.002750005 | AW153: 0.0013750025 | AX153: 0.00014545428 | AY153: 38.194514 | AZ153: 22.916708 | BA153: 9.5486284
A154: 151 | B154: 1.6236082e-05 | C154: 4.9547328e-07 | D154: 1.7909466e-07 | E154: 4.9547328e-07 | F154: 3.7605202e-07 | G154: 3.7108216e-07 | H154: 0.0020569861 | I154: 0.002746512 | J154: 0.002084535 | K154: 0.00018040091 | L154: 38.146 | M154: 20.682482 | N154: 14.475938 | O154: 1.6236082e-05 | P154: 4.9547328e-07 | Q154: 1.7909466e-07 | R154: 4.9547328e-07 | S154: 3.7605202e-07 | T154: 3.7108216e-07 | U154: 0.0025140941 | V154: 0.003356848 | W154: 0.002547765 | X154: 0.00014760075 | Y154: 46.622889 | Z154: 25.278589 | AA154: 17.692813 | AB154: 1.6236082e-05 | AC154: 4.9547328e-07 | AD154: 1.7909466e-07 | AE154: 4.9547328e-07 | AF154: 3.7605202e-07 | AG154: 3.7108216e-07 | AH154: 0.0025140941 | AI154: 0.003356848 | AJ154: 0.002547765 | AK154: 0.00014760075 | AL154: 46.622889 | AM154: 25.278589 | AN154: 17.692813 | AO154: 1.6236082e-05 | AP154: 4.9547328e-07 | AQ154: 1.7909466e-07 | AR154: 4.9547328e-07 | AS154: 3.7605202e-07 | AT154: 3.7108216e-07 | AU154: 0.0025140941 | AV154: 0.003356848 | AW154: 0.002547765 | AX154: 0.00014760075 | AY154: 46.622889 | AZ154: 25.278589 | BA154: 17.692813
A155: 152 | B155: 1.6476207e-05 | C155: 5.9240791e-07 | D155: 1.9848158e-07 | E155: 5.9240791e-07 | F155: 5.3939454e-07 | G155: 3.6135614e-07 | H155: 0.0019738798 | I155: 0.0032359821 | J155: 0.0029464008 | K155: 0.00018306897 | L155: 44.944196 | M155: 22.587296 | N155: 20.461116 | O155: 1.6476207e-05 | P155: 5.9240791e-07 | Q155: 1.9848158e-07 | R155: 5.9240791e-07 | S155: 5.3939454e-07 | T155: 3.6135614e-07 | U155: 0.0024125198 | V155: 0.0039550893 | W155: 0.0036011565 | X155: 0.0001497837 | Y155: 54.931795 | Z155: 27.606695 | AA155: 25.008031 | AB155: 1.6476207e-05 | AC155: 5.9240791e-07 | AD155: 1.9848158e-07 | AE155: 5.9240791e-07 | AF155: 5.3939454e-07 | AG155: 3.6135614e-07 | AH155: 0.0024125198 | AI155: 0.0039550893 | AJ155: 0.0036011565 | AK155: 0.0001497837 | AL155: 54.931795 | AM155: 27.606695 | AN155: 25.008031 | AO155: 1.6476207e-05 | AP155: 5.9240791e-07 | AQ155: 1.9848158e-07 | AR155: 5.9240791e-07 | AS155: 5.3939454e-07 | AT155: 3.6135614e-07 | AU155: 0.0024125198 | AV155: 0.0039550893 | AW155: 0.0036011565 | AX155: 0.0001497837 | AY155: 54.931795 | AZ155: 27.606695 | BA155: 25.008031
A156: 153 | B156: 1.6720414e-05 | C156: 6.9084676e-07 | D156: 2.1816935e-07 | E156: 6.9084676e-07 | F156: 6.9114847e-07 | G156: 3.5291809e-07 | H156: 0.0018996316 | I156: 0.0037185806 | J156: 0.0037202046 | K156: 0.00018578238 | L156: 51.646953 | M156: 24.465156 | N156: 25.834754 | O156: 1.6720414e-05 | P156: 6.9084676e-07 | Q156: 2.1816935e-07 | R156: 6.9084676e-07 | S156: 6.9114847e-07 | T156: 3.5291809e-07 | U156: 0.002321772 | V156: 0.0045449319 | W156: 0.0045469167 | X156: 0.00015200377 | Y156: 63.124054 | Z156: 29.901857 | AA156: 31.575811 | AB156: 1.6720414e-05 | AC156: 6.9084676e-07 | AD156: 2.1816935e-07 | AE156: 6.9084676e-07 | AF156: 6.9114847e-07 | AG156: 3.5291809e-07 | AH156: 0.002321772 | AI156: 0.0045449319 | AJ156: 0.0045469167 | AK156: 0.00015200377 | AL156: 63.124054 | AM156: 29.901857 | AN156: 31.575811 | AO156: 1.6720414e-05 | AP156: 6.9084676e-07 | AQ156: 2.1816935e-07 | AR156: 6.9084676e-07 | AS156: 6.9114847e-07 | AT156: 3.5291809e-07 | AU156: 0.002321772 | AV156: 0.0045449319 | AW156: 0.0045469167 | AX156: 0.00015200377 | AY156: 63.124054 | AZ156: 29.901857 | BA156: 31.575811
A157: 154 | B157: 1.6968773e-05 | C157: 7.9081319e-07 | D157: 2.3816264e-07 | E157: 7.9081319e-07 | F157: 8.3235969e-07 | G157: 3.4560078e-07 | H157: 0.0018330182 | I157: 0.0041943626 | J157: 0.0044147195 | K157: 0.00018854192 | L157: 58.255037 | M157: 26.316278 | N157: 30.657774 | O157: 1.6968773e-05 | P157: 7.9081319e-07 | Q157: 2.3816264e-07 | R157: 7.9081319e-07 | S157: 8.3235969e-07 | T157: 3.4560078e-07 | U157: 0.0022403556 | V157: 0.0051264432 | W157: 0.0053957682 | X157: 0.00015426157 | Y157: 71.200601 | Z157: 32.16434 | AA157: 37.470613 | AB157: 1.6968773e-05 | AC157: 7.9081319e-07 | AD157: 2.3816264e-07 | AE157: 7.9081319e-07 | AF157: 8.3235969e-07 | AG157: 3.4560078e-07 | AH157: 0.0022403556 | AI157: 0.0051264432 | AJ157: 0.0053957682 | AK157: 0.00015426157 | AL157: 71.200601 | AM157: 32.16434 | AN157: 37.470613 | AO157: 1.6968773e-05 | AP157: 7.9081319e-07 | AQ157: 2.3816264e-07 | AR157: 7.9081319e-07 | AS157: 8.3235969e-07 | AT157: 3.4560078e-07 | AU157: 0.0022403556 | AV157: 0.0051264432 | AW157: 0.0053957682 | AX157: 0.00015426157 | AY157: 71.200601 | AZ157: 32.16434 | BA157: 37.470613
A158: 155 | B158: 1.7221354e-05 | C158: 8.9233089e-07 | D158: 2.5846618e-07 | E158: 8.9233089e-07 | F158: 9.6399967e-07 | G158: 3.3931593e-07 | H158: 0.0017732888 | I158: 0.0046633837 | J158: 0.0050379298 | K158: 0.00019134837 | L158: 64.769218 | M158: 28.140882 | N158: 34.985623 | O158: 1.7221354e-05 | P158: 8.9233089e-07 | Q158: 2.5846618e-07 | R158: 8.9233089e-07 | S158: 9.6399967e-07 | T158: 3.3931593e-07 | U158: 0.002167353 | V158: 0.0056996912 | W158: 0.0061574697 | X158: 0.00015655776 | Y158: 79.162378 | Z158: 34.394412 | AA158: 42.760206 | AB158: 1.7221354e-05 | AC158: 8.9233089e-07 | AD158: 2.5846618e-07 | AE158: 8.9233089e-07 | AF158: 9.6399967e-07 | AG158: 3.3931593e-07 | AH158: 0.002167353 | AI158: 0.0056996912 | AJ158: 0.0061574697 | AK158: 0.00015655776 | AL158: 79.162378 | AM158: 34.394412 | AN158: 42.760206 | AO158: 1.7221354e-05 | AP158: 8.9233089e-07 | AQ158: 2.5846618e-07 | AR158: 8.9233089e-07 | AS158: 9.6399967e-07 | AT158: 3.3931593e-07 | AU158: 0.002167353 | AV158: 0.0056996912 | AW158: 0.0061574697 | AX158: 0.00015655776 | AY158: 79.162378 | AZ158: 34.394412 | BA158: 42.760206
A159: 156 | B159: 1.7478228e-05 | C159: 8.0732495e-07 | D159: 2.4338898e-07 | E159: 8.0732495e-07 | F159: 8.3413385e-07 | G159: -1.4264107e-07 | H159: -0.00073449641 | I159: 0.0041571288 | J159: 0.0042951749 | K159: 0.00019420254 | L159: 57.7379 | M159: 26.109875 | N159: 29.827603 | O159: 1.7478228e-05 | P159: 8.5008195e-07 | Q159: 2.4338898e-07 | R159: 8.5008195e-07 | S159: 7.9137685e-07 | T159: -1.4264107e-07 | U159: -0.00089771783 | V159: 0.0053500282 | W159: 0.0049805651 | X159: 0.00015889298 | Y159: 74.305948 | Z159: 31.912069 | AA159: 34.587258 | AB159: 1.7478228e-05 | AC159: 8.2686266e-07 | AD159: 2.4338898e-07 | AE159: 8.2686266e-07 | AF159: 8.1459614e-07 | AG159: -1.4264107e-07 | AH159: -0.00089771783 | AI159: 0.0052038966 | AJ159: 0.0051266967 | AK159: 0.00015889298 | AL159: 72.276342 | AM159: 31.912069 | AN159: 35.60206 | AO159: 1.7478228e-05 | AP159: 8.2686266e-07 | AQ159: 2.5308147e-07 | AR159: 8.2686266e-07 | AS159: 8.0490365e-07 | AT159: -1.4264107e-07 | AU159: -0.00089771783 | AV159: 0.0052038966 | AW159: 0.0050656966 | AX159: 0.00015889298 | AY159: 72.276342 | AZ159: 33.182903 | BA159: 35.178449
A160: 157 | B160: 1.773947e-05 | C160: 7.2403677e-07 | D160: 2.2831179e-07 | E160: 7.2403677e-07 | F160: 7.117225e-07 | G160: -1.3198879e-07 | H160: -0.00066963619 | I160: 0.0036733516 | J160: 0.003610876 | K160: 0.00019710522 | L160: 51.018772 | M160: 24.131759 | N160: 25.075527 | O160: 1.773947e-05 | P160: 8.0884906e-07 | Q160: 2.2831179e-07 | R160: 8.0884906e-07 | S160: 6.3071765e-07 | T160: -1.2818135e-07 | U160: -0.00079483482 | V160: 0.0050155612 | W160: 0.003910993 | X160: 0.00016126791 | Y160: 69.660572 | Z160: 29.494372 | AA160: 27.159673 | AB160: 1.773947e-05 | AC160: 7.6247182e-07 | AD160: 2.2831179e-07 | AE160: 7.6247182e-07 | AF160: 6.7502725e-07 | AG160: -1.3024899e-07 | AH160: -0.00080765597 | AI160: 0.0047279824 | AJ160: 0.0041857507 | AK160: 0.00016126791 | AL160: 65.666422 | AM160: 29.494372 | AN160: 29.067713 | AO160: 1.773947e-05 | AP160: 7.6247182e-07 | AQ160: 2.4769675e-07 | AR160: 7.6247182e-07 | AS160: 6.5650538e-07 | AT160: -1.2938589e-07 | AU160: -0.00080230401 | AV160: 0.0047279824 | AW160: 0.0040708991 | AX160: 0.00016126791 | AY160: 65.666422 | AZ160: 31.998611 | BA160: 28.270133
A161: 158 | B161: 1.8005152e-05 | C161: 6.427779e-07 | D161: 2.132346e-07 | E161: 6.427779e-07 | F161: 5.9574899e-07 | G161: -1.2201516e-07 | H161: -0.00060990123 | I161: 0.0032129698 | J161: 0.0029778926 | K161: 0.00020005725 | L161: 44.624581 | M161: 22.205581 | N161: 20.67981 | O161: 1.8005152e-05 | P161: 7.6870274e-07 | Q161: 2.132346e-07 | R161: 7.6870274e-07 | S161: 4.8084495e-07 | T161: -1.148018e-07 | U161: -0.00070136581 | V161: 0.0046962836 | W161: 0.0029376561 | X161: 0.0001636832 | Y161: 65.226161 | Z161: 27.140155 | AA161: 20.400389 | AB161: 1.8005152e-05 | AC161: 6.9930177e-07 | AD161: 2.132346e-07 | AE161: 6.9930177e-07 | AF161: 5.4423258e-07 | AG161: -1.187475e-07 | AH161: -0.00072547154 | AI161: 0.0042722879 | AJ161: 0.0033249141 | AK161: 0.0001636832 | AL161: 59.337332 | AM161: 27.140155 | AN161: 23.089681 | AO161: 1.8005152e-05 | AP161: 6.9930177e-07 | AQ161: 2.4231204e-07 | AR161: 6.9930177e-07 | AS161: 5.1766758e-07 | AT161: -1.1709816e-07 | AU161: -0.0007153951 | AV161: 0.0042722879 | AW161: 0.0031626189 | AX161: 0.0001636832 | AY161: 59.337332 | AZ161: 30.841085 | BA161: 21.962631
A162: 159 | B162: 1.8275351e-05 | C162: 5.6373375e-07 | D162: 1.981574e-07 | E162: 5.6373375e-07 | F162: 4.8541322e-07 | G162: -1.1262984e-07 | H162: -0.00055466433 | I162: 0.0027762004 | J162: 0.0023904979 | K162: 0.00020305946 | L162: 38.558339 | M162: 20.330396 | N162: 16.60068 | O162: 1.8275351e-05 | P162: 7.2965033e-07 | Q162: 1.981574e-07 | R162: 7.2965033e-07 | S162: 3.4074949e-07 | T162: -1.0239779e-07 | U162: -0.00061633602 | V162: 0.0043917917 | W162: 0.0020509835 | X162: 0.00016613956 | Y162: 60.997107 | Z162: 24.848262 | AA162: 14.242941 | AB162: 1.8275351e-05 | AC162: 6.3742936e-07 | AD162: 1.981574e-07 | AE162: 6.3742936e-07 | AF162: 4.2131254e-07 | AG162: -1.0804238e-07 | AH162: -0.00065031096 | AI162: 0.0038367103 | AJ162: 0.0025358954 | AK162: 0.00016613956 | AL162: 53.287643 | AM162: 24.848262 | AN162: 17.610385 | AO162: 1.8275351e-05 | AP162: 6.3742936e-07 | AQ162: 2.3692733e-07 | AR162: 6.3742936e-07 | AS162: 3.8742064e-07 | AT162: -1.056768e-07 | AU162: -0.00063607246 | AV162: 0.0038367103 | AW162: 0.0023318988 | AX162: 0.00016613956 | AY162: 53.287643 | AZ162: 29.709878 | BA162: 16.193742
A163: 160 | B163: 1.8550144e-05 | C163: 4.871217e-07 | D163: 1.8308021e-07 | E163: 4.871217e-07 | F163: 3.7995396e-07 | G163: -1.0376179e-07 | H163: -0.00050342254 | I163: 0.0023633754 | J163: 0.0018434281 | K163: 0.00020611271 | L163: 32.824658 | M163: 18.505268 | N163: 12.801584 | O163: 1.8550144e-05 | P163: 6.9169854e-07 | Q163: 1.8308021e-07 | R163: 6.9169854e-07 | S163: 2.0951209e-07 | T163: -9.0879668e-08 | U163: -0.0005389049 | V163: 0.0041016845 | W163: 0.0012423801 | X163: 0.00016863767 | Y163: 56.967841 | Z163: 22.61755 | AA163: 8.6276395 | AB163: 1.8550144e-05 | AC163: 5.7692178e-07 | AD163: 1.8308021e-07 | AE163: 5.7692178e-07 | AF163: 3.0545689e-07 | AG163: -9.8053703e-08 | AH163: -0.00058144602 | AI163: 0.0034210729 | AJ163: 0.0018113206 | AK163: 0.00016863767 | AL163: 47.514902 | AM163: 22.61755 | AN163: 12.578615 | AO163: 1.8550144e-05 | AP163: 5.7692178e-07 | AQ163: 2.3154262e-07 | AR163: 5.7692178e-07 | AS163: 2.6489053e-07 | AT163: -9.5035673e-08 | AU163: -0.00056354948 | AV163: 0.0034210729 | AW163: 0.0015707672 | AX163: 0.00016863767 | AY163: 47.514902 | AZ163: 28.604549 | BA163: 10.908106
A164: 161 | B164: 1.8829608e-05 | C164: 4.1319216e-07 | D164: 1.6800302e-07 | E164: 4.1319216e-07 | F164: 2.7864422e-07 | G164: -9.5343439e-08 | H164: -0.00045571365 | I164: 0.0019749372 | J164: 0.0013318376 | K164: 0.00020921787 | L164: 27.429684 | M164: 16.729273 | N164: 9.248872 | O164: 1.8761966e-05 | P164: 6.548534e-07 | Q164: 1.6800302e-07 | R164: 6.548534e-07 | S164: 1.148516e-07 | T164: -7.4597379e-08 | U164: -0.00043735885 | V164: 0.0038393564 | W164: 0.00067336633 | X164: 0.00017056332 | Y164: 53.324395 | Z164: 20.520606 | AA164: 4.6761551 | AB164: 1.8829608e-05 | AC164: 5.1789516e-07 | AD164: 1.6800302e-07 | AE164: 5.1789516e-07 | AF164: 1.9587809e-07 | AG164: -8.8709568e-08 | AH164: -0.00051822919 | AI164: 0.0030254728 | AJ164: 0.0011442931 | AK164: 0.00017117826 | AL164: 42.020456 | AM164: 20.446889 | AN164: 7.9464796 | AO164: 1.8829608e-05 | AP164: 5.1789516e-07 | AQ164: 2.2615791e-07 | AR164: 5.1789516e-07 | AS164: 1.4923164e-07 | AT164: -8.5097185e-08 | AU164: -0.00049712614 | AV164: 0.0030254728 | AW164: 0.00087179084 | AX164: 0.00017117826 | AY164: 42.020456 | AZ164: 27.524659 | BA164: 6.0541031
... A962: 959 | B962: 0.11770825 | C962: 0.00020416673 | D962: 0.00017295845 | E962: 0.00020416673 | F962: 0.00018609166 | G962: -0.0001118553 | H962: -8.5524823e-05 | I962: 0.00015610636 | J962: 0.00014228611 | K962: 1.3078694 | L962: 2.1681438 | M962: 2.7550924 | N962: 0.98809801 | O962: 0.077108231 | P962: 0.001363966 | Q962: 0.00011345999 | R962: 0.001363966 | S962: 0.00012170512 | T962: -7.264063e-05 | U962: -0.00010362667 | V962: 0.0019457878 | W962: 0.00017362041 | X962: 0.70098392 | Y962: 27.024831 | Z962: 3.3720456 | AA962: 1.2056973 | AB962: 0.1057775 | AC962: 0.00063309542 | AD962: 0.00015552882 | AE962: 0.00063309542 | AF962: 0.00016712409 | AG962: -0.00010112223 | AH962: -0.0001051589 | AI962: 0.00065836774 | AJ962: 0.00017379546 | AK962: 0.96161367 | AL962: 9.1439964 | AM962: 3.3695275 | AN962: 1.2069129 | AO962: 0.090595508 | AP962: 0.00054265598 | AQ962: 0.00077296987 | AR962: 0.00054265598 | AS962: 0.00014307471 | AT962: -8.5743967e-05 | AU962: -0.00010410932 | AV962: 0.00065888651 | AW962: 0.00017371963 | AX962: 0.82359553 | AY962: 9.1512015 | AZ962: 19.552727 | BA962: 1.2063863
