Workbook

Sheet Metadata
A1: Data | B1: Laurel and Hardy 3 (May 2015)
A2: Temperature | B2: 20.5
A3: Light | B3: 145
A4: Photoperiod | B4: 12
A5: CO2 level | B5: 42
A7: Model | B7: FM 1.2.1 (FM v1 + fixed starch synthesis + malate/fumarate)
B8: cvRMSEs all from YHC sims, not used
B9: incorrect data, old sims | D9: micromol CO2/g FW/h | E9: micromol CO2/g FW/h | F9: micromol CO2/cm2/h | G9: micromol CO2/cm2/h
B10: cvRMSE | C10: nRMSE | D10: AperFW | E10: RperFW | F10: Aperarea | G10: Rperarea
A11: Col | B11: 0.0423 | C11: 0.0174 | D11: 54.992 | E11: -9.1771 | F11: 1.519 | G11: -0.2501
A12: prr7prr9 (starch only) | B12: 0.1694 | C12: 0.071 | D12: 63.4844 | E12: -10.5623 | F12: 1.519 | G12: -0.2493
A13: prr7prr9 (starch +m+f) | B13: 0.0832 | C13: 0.0349 | D13: 63.5143 | E13: -10.4052 | F13: 1.519 | G13: -0.2455
A17: Sheets in this worksheet | B17: Contents
A18: Biomass | B18: Fresh (not dry) rosette leaf biomass, measured in samples of 5 plants each on multiple days, as mean and SD; simulation outputs from FMv2 for Col Wild Type plants and two simulations for prr7prr9, where the mutation affects only starch degradation, or both starch degradation and malate/fumarate store mobilisation.
A19: Starch | B19: Starch levels in carbon units (not C6) measured on 27-28 days, mean and SD, simulations as above
A20: M + F | B20: Malate and fumarate levels in carbon units (not C4) measured on 27-28 days, mean and SD, simulations as above
A21: plot_LH3_biomass_and_carbon_poo[ls] | B21: Simulation data from FMv2 runs in the conditions above, from the Matlab output file
A23: Credits
A24: Experimental setup, physiological data, sampling and model construction | B24: Yin Hoon Chew, Millar group University of Edinburgh
A25: Model refinement and final simulations | B25: Daniel Seaton, Millar group University of Edinburgh
A26: Starch, M+F and other metabolite analysis | B26: Virginie Mengin et al, Stitt group, MPIMP

Sheet Biomass
B1: Biomass (Data) | H1: Biomass (simulation)
A2: Day | B2: 22 | C2: 29 | D2: 38 | H2: Day | I2: Col | J2: prr7/prr9 (starch defect) | K2: prr7/prr9 (starch+store)
A3: Col | B3: 0.03778 | C3: 0.17274 | D3: 1.11788 | H3: =1/24 -> 0.041666667 | I3: =plot_LH3_biomass_and_carbon_poo!K3 -> 0 | J3: =plot_LH3_biomass_and_carbon_poo!X3 -> 0 | K3: =plot_LH3_biomass_and_carbon_poo!AK3 -> 0
A4: SD | B4: 0.0060821049 | C4: 0.019832373 | D4: 0.14777066 | H4: =H3+1/24 -> 0.083333333 | I4: =plot_LH3_biomass_and_carbon_poo!K4 -> 0 | J4: =plot_LH3_biomass_and_carbon_poo!X4 -> 0 | K4: =plot_LH3_biomass_and_carbon_poo!AK4 -> 0
A5: prr7/prr9 | B5: 0.02938 | C5: 0.13918 | D5: 0.7996 | E5: =D5/D3 -> 0.7152825 | F5: of WT mass | H5: =H4+1/24 -> 0.125 | I5: =plot_LH3_biomass_and_carbon_poo!K5 -> 0 | J5: =plot_LH3_biomass_and_carbon_poo!X5 -> 0 | K5: =plot_LH3_biomass_and_carbon_poo!AK5 -> 0
A6: SD | B6: 0.0017020576 | C6: 0.016324889 | D6: 0.062050987 | H6: =H5+1/24 -> 0.16666667 | I6: =plot_LH3_biomass_and_carbon_poo!K6 -> 0 | J6: =plot_LH3_biomass_and_carbon_poo!X6 -> 0 | K6: =plot_LH3_biomass_and_carbon_poo!AK6 -> 0
D7: n=5 each | H7: =H6+1/24 -> 0.20833333 | I7: =plot_LH3_biomass_and_carbon_poo!K7 -> 0 | J7: =plot_LH3_biomass_and_carbon_poo!X7 -> 0 | K7: =plot_LH3_biomass_and_carbon_poo!AK7 -> 0
D8: two-tailed p = 0.0022 | H8: =H7+1/24 -> 0.25 | I8: =plot_LH3_biomass_and_carbon_poo!K8 -> 0 | J8: =plot_LH3_biomass_and_carbon_poo!X8 -> 0 | K8: =plot_LH3_biomass_and_carbon_poo!AK8 -> 0
H9: =H8+1/24 -> 0.29166667 | I9: =plot_LH3_biomass_and_carbon_poo!K9 -> 0 | J9: =plot_LH3_biomass_and_carbon_poo!X9 -> 0 | K9: =plot_LH3_biomass_and_carbon_poo!AK9 -> 0
H10: =H9+1/24 -> 0.33333333 | I10: =plot_LH3_biomass_and_carbon_poo!K10 -> 0 | J10: =plot_LH3_biomass_and_carbon_poo!X10 -> 0 | K10: =plot_LH3_biomass_and_carbon_poo!AK10 -> 0
H11: =H10+1/24 -> 0.375 | I11: =plot_LH3_biomass_and_carbon_poo!K11 -> 0 | J11: =plot_LH3_biomass_and_carbon_poo!X11 -> 0 | K11: =plot_LH3_biomass_and_carbon_poo!AK11 -> 0
H12: =H11+1/24 -> 0.41666667 | I12: =plot_LH3_biomass_and_carbon_poo!K12 -> 0 | J12: =plot_LH3_biomass_and_carbon_poo!X12 -> 0 | K12: =plot_LH3_biomass_and_carbon_poo!AK12 -> 0
H13: =H12+1/24 -> 0.45833333 | I13: =plot_LH3_biomass_and_carbon_poo!K13 -> 0 | J13: =plot_LH3_biomass_and_carbon_poo!X13 -> 0 | K13: =plot_LH3_biomass_and_carbon_poo!AK13 -> 0
H14: =H13+1/24 -> 0.5 | I14: =plot_LH3_biomass_and_carbon_poo!K14 -> 0 | J14: =plot_LH3_biomass_and_carbon_poo!X14 -> 0 | K14: =plot_LH3_biomass_and_carbon_poo!AK14 -> 0
H15: =H14+1/24 -> 0.54166667 | I15: =plot_LH3_biomass_and_carbon_poo!K15 -> 0 | J15: =plot_LH3_biomass_and_carbon_poo!X15 -> 0 | K15: =plot_LH3_biomass_and_carbon_poo!AK15 -> 0
H16: =H15+1/24 -> 0.58333333 | I16: =plot_LH3_biomass_and_carbon_poo!K16 -> 0 | J16: =plot_LH3_biomass_and_carbon_poo!X16 -> 0 | K16: =plot_LH3_biomass_and_carbon_poo!AK16 -> 0
H17: =H16+1/24 -> 0.625 | I17: =plot_LH3_biomass_and_carbon_poo!K17 -> 0 | J17: =plot_LH3_biomass_and_carbon_poo!X17 -> 0 | K17: =plot_LH3_biomass_and_carbon_poo!AK17 -> 0
H18: =H17+1/24 -> 0.66666667 | I18: =plot_LH3_biomass_and_carbon_poo!K18 -> 0 | J18: =plot_LH3_biomass_and_carbon_poo!X18 -> 0 | K18: =plot_LH3_biomass_and_carbon_poo!AK18 -> 0
H19: =H18+1/24 -> 0.70833333 | I19: =plot_LH3_biomass_and_carbon_poo!K19 -> 0 | J19: =plot_LH3_biomass_and_carbon_poo!X19 -> 0 | K19: =plot_LH3_biomass_and_carbon_poo!AK19 -> 0
H20: =H19+1/24 -> 0.75 | I20: =plot_LH3_biomass_and_carbon_poo!K20 -> 0 | J20: =plot_LH3_biomass_and_carbon_poo!X20 -> 0 | K20: =plot_LH3_biomass_and_carbon_poo!AK20 -> 0
... H962: =H961+1/24 -> 40 | I962: =plot_LH3_biomass_and_carbon_poo!K962 -> 1.2739149 | J962: =plot_LH3_biomass_and_carbon_poo!X962 -> 0.94929056 | K962: =plot_LH3_biomass_and_carbon_poo!AK962 -> 0.84494227

Sheet Starch
A1: In C6 | G1: in C6 | L1: In C | R1: in C
B2: Starch (data) | G2: Starch (simulation) | M2: Starch (data) | R2: Starch (simulation)
A3: Hour | B3: 0 | C3: 12 | D3: 24 | G3: Hour | H3: Col | I3: prr7/prr9 (starch defect) | J3: prr7/prr9 (starch+store) | L3: Hour | M3: 0 | N3: 12 | O3: 24 | P3: ave 0,24 | R3: Hour | S3: Col | T3: prr7/prr9 (starch defect) | U3: prr7/prr9 (starch+store)
A4: Col | B4: 4.1 | C4: 37.3 | D4: 3.7 | G4: 0 | H4: =plot_LH3_biomass_and_carbon_poo!L674 -> 2.6989994 | I4: =plot_LH3_biomass_and_carbon_poo!Y674 -> 13.020126 | J4: =plot_LH3_biomass_and_carbon_poo!AL674 -> 13.060935 | L4: Col | M4: =B4*6 -> 24.6 | N4: =C4*6 -> 223.8 | O4: =D4*6 -> 22.2 | P4: =AVERAGE(M4,O4) -> 23.4 | R4: 0 | S4: =H4*6 -> 16.193997 | T4: =I4*6 -> 78.120757 | U4: =J4*6 -> 78.365608
A5: SD | B5: 0.5 | C5: 1.4 | D5: 0.3 | G5: =G4+1 -> 1 | H5: =plot_LH3_biomass_and_carbon_poo!L675 -> 5.9937643 | I5: =plot_LH3_biomass_and_carbon_poo!Y675 -> 16.887513 | J5: =plot_LH3_biomass_and_carbon_poo!AL675 -> 16.933623 | L5: SD | M5: =B5*6 -> 3 | N5: =C5*6 -> 8.4 | O5: =D5*6 -> 1.8 | R5: =R4+1 -> 1 | S5: =H5*6 -> 35.962586 | T5: =I5*6 -> 101.32508 | U5: =J5*6 -> 101.60174
A6: prr7/prr9 | B6: 10.6 | C6: 55.8 | D6: 10.9 | G6: =G5+1 -> 2 | H6: =plot_LH3_biomass_and_carbon_poo!L676 -> 9.2180164 | I6: =plot_LH3_biomass_and_carbon_poo!Y676 -> 20.671745 | J6: =plot_LH3_biomass_and_carbon_poo!AL676 -> 20.721548 | L6: prr7/prr9 | M6: =B6*6 -> 63.6 | N6: =C6*6 -> 334.8 | O6: =D6*6 -> 65.4 | P6: =AVERAGE(M6,O6) -> 64.5 | R6: =R5+1 -> 2 | S6: =H6*6 -> 55.308099 | T6: =I6*6 -> 124.03047 | U6: =J6*6 -> 124.32929
A7: SD | B7: 0.6 | C7: 1.8 | D7: 0.3 | G7: =G6+1 -> 3 | H7: =plot_LH3_biomass_and_carbon_poo!L677 -> 12.376305 | I7: =plot_LH3_biomass_and_carbon_poo!Y677 -> 24.377606 | J7: =plot_LH3_biomass_and_carbon_poo!AL677 -> 24.430592 | L7: SD | M7: =B7*6 -> 3.6 | N7: =C7*6 -> 10.8 | O7: =D7*6 -> 1.8 | R7: =R6+1 -> 3 | S7: =H7*6 -> 74.25783 | T7: =I7*6 -> 146.26563 | U7: =J7*6 -> 146.58355
G8: =G7+1 -> 4 | H8: =plot_LH3_biomass_and_carbon_poo!L678 -> 15.470758 | I8: =plot_LH3_biomass_and_carbon_poo!Y678 -> 28.007986 | J8: =plot_LH3_biomass_and_carbon_poo!AL678 -> 28.064009 | R8: =R7+1 -> 4 | S8: =H8*6 -> 92.824546 | T8: =I8*6 -> 168.04792 | U8: =J8*6 -> 168.38406
G9: =G8+1 -> 5 | H9: =plot_LH3_biomass_and_carbon_poo!L679 -> 18.502403 | I9: =plot_LH3_biomass_and_carbon_poo!Y679 -> 31.564101 | J9: =plot_LH3_biomass_and_carbon_poo!AL679 -> 31.623061 | R9: =R8+1 -> 5 | S9: =H9*6 -> 111.01442 | T9: =I9*6 -> 189.38461 | U9: =J9*6 -> 189.73837
G10: =G9+1 -> 6 | H10: =plot_LH3_biomass_and_carbon_poo!L680 -> 21.472247 | I10: =plot_LH3_biomass_and_carbon_poo!Y680 -> 35.047141 | J10: =plot_LH3_biomass_and_carbon_poo!AL680 -> 35.108938 | R10: =R9+1 -> 6 | S10: =H10*6 -> 128.83348 | T10: =I10*6 -> 210.28284 | U10: =J10*6 -> 210.65363
G11: =G10+1 -> 7 | H11: =plot_LH3_biomass_and_carbon_poo!L681 -> 24.440047 | I11: =plot_LH3_biomass_and_carbon_poo!Y681 -> 38.52977 | J11: =plot_LH3_biomass_and_carbon_poo!AL681 -> 38.52281 | R11: =R10+1 -> 7 | S11: =H11*6 -> 146.64028 | T11: =I11*6 -> 231.17862 | U11: =J11*6 -> 231.13686
G12: =G11+1 -> 8 | H12: =plot_LH3_biomass_and_carbon_poo!L682 -> 27.347729 | I12: =plot_LH3_biomass_and_carbon_poo!Y682 -> 41.94124 | J12: =plot_LH3_biomass_and_carbon_poo!AL682 -> 41.937679 | R12: =R11+1 -> 8 | S12: =H12*6 -> 164.08637 | T12: =I12*6 -> 251.64744 | U12: =J12*6 -> 251.62607
A13: P.ksX = 10*P.ksX; | G13: =G12+1 -> 9 | H13: =plot_LH3_biomass_and_carbon_poo!L683 -> 30.196543 | I13: =plot_LH3_biomass_and_carbon_poo!Y683 -> 45.283017 | J13: =plot_LH3_biomass_and_carbon_poo!AL683 -> 45.282541 | R13: =R12+1 -> 9 | S13: =H13*6 -> 181.17926 | T13: =I13*6 -> 271.6981 | U13: =J13*6 -> 271.69525
A14: P.kdS = 0.045*P.kdS; | G14: =G13+1 -> 10 | H14: =plot_LH3_biomass_and_carbon_poo!L684 -> 32.987386 | I14: =plot_LH3_biomass_and_carbon_poo!Y684 -> 48.556253 | J14: =plot_LH3_biomass_and_carbon_poo!AL684 -> 48.558772 | R14: =R13+1 -> 10 | S14: =H14*6 -> 197.92432 | T14: =I14*6 -> 291.33752 | U14: =J14*6 -> 291.35263
G15: =G14+1 -> 11 | H15: =plot_LH3_biomass_and_carbon_poo!L685 -> 35.724641 | I15: =plot_LH3_biomass_and_carbon_poo!Y685 -> 51.763035 | J15: =plot_LH3_biomass_and_carbon_poo!AL685 -> 51.772115 | R15: =R14+1 -> 11 | S15: =H15*6 -> 214.34784 | T15: =I15*6 -> 310.57821 | U15: =J15*6 -> 310.63269
G16: =G15+1 -> 12 | H16: =plot_LH3_biomass_and_carbon_poo!L686 -> 38.411523 | I16: =plot_LH3_biomass_and_carbon_poo!Y686 -> 54.915124 | J16: =plot_LH3_biomass_and_carbon_poo!AL686 -> 54.926171 | R16: =R15+1 -> 12 | S16: =H16*6 -> 230.46914 | T16: =I16*6 -> 329.49074 | U16: =J16*6 -> 329.55702
G17: =G16+1 -> 13 | H17: =plot_LH3_biomass_and_carbon_poo!L687 -> 34.713472 | I17: =plot_LH3_biomass_and_carbon_poo!Y687 -> 50.819236 | J17: =plot_LH3_biomass_and_carbon_poo!AL687 -> 50.840215 | R17: =R16+1 -> 13 | S17: =H17*6 -> 208.28083 | T17: =I17*6 -> 304.91542 | U17: =J17*6 -> 305.04129
G18: =G17+1 -> 14 | H18: =plot_LH3_biomass_and_carbon_poo!L688 -> 31.123204 | I18: =plot_LH3_biomass_and_carbon_poo!Y688 -> 46.815848 | J18: =plot_LH3_biomass_and_carbon_poo!AL688 -> 46.844892 | R18: =R17+1 -> 14 | S18: =H18*6 -> 186.73923 | T18: =I18*6 -> 280.89509 | U18: =J18*6 -> 281.06935
G19: =G18+1 -> 15 | H19: =plot_LH3_biomass_and_carbon_poo!L689 -> 27.650062 | I19: =plot_LH3_biomass_and_carbon_poo!Y689 -> 42.912414 | J19: =plot_LH3_biomass_and_carbon_poo!AL689 -> 42.947814 | R19: =R18+1 -> 15 | S19: =H19*6 -> 165.90037 | T19: =I19*6 -> 257.47448 | U19: =J19*6 -> 257.68688
G20: =G19+1 -> 16 | H20: =plot_LH3_biomass_and_carbon_poo!L690 -> 24.29793 | I20: =plot_LH3_biomass_and_carbon_poo!Y690 -> 39.111154 | J20: =plot_LH3_biomass_and_carbon_poo!AL690 -> 39.151284 | R20: =R19+1 -> 16 | S20: =H20*6 -> 145.78758 | T20: =I20*6 -> 234.66692 | U20: =J20*6 -> 234.9077
G21: =G20+1 -> 17 | H21: =plot_LH3_biomass_and_carbon_poo!L691 -> 21.072254 | I21: =plot_LH3_biomass_and_carbon_poo!Y691 -> 35.413302 | J21: =plot_LH3_biomass_and_carbon_poo!AL691 -> 35.456661 | R21: =R20+1 -> 17 | S21: =H21*6 -> 126.43352 | T21: =I21*6 -> 212.47981 | U21: =J21*6 -> 212.73997
G22: =G21+1 -> 18 | H22: =plot_LH3_biomass_and_carbon_poo!L692 -> 17.980033 | I22: =plot_LH3_biomass_and_carbon_poo!Y692 -> 31.824991 | J22: =plot_LH3_biomass_and_carbon_poo!AL692 -> 31.870111 | R22: =R21+1 -> 18 | S22: =H22*6 -> 107.8802 | T22: =I22*6 -> 190.94994 | U22: =J22*6 -> 191.22067
G23: =G22+1 -> 19 | H23: =plot_LH3_biomass_and_carbon_poo!L693 -> 15.027278 | I23: =plot_LH3_biomass_and_carbon_poo!Y693 -> 28.347431 | J23: =plot_LH3_biomass_and_carbon_poo!AL693 -> 28.392952 | R23: =R22+1 -> 19 | S23: =H23*6 -> 90.163667 | T23: =I23*6 -> 170.08459 | U23: =J23*6 -> 170.35771
G24: =G23+1 -> 20 | H24: =plot_LH3_biomass_and_carbon_poo!L694 -> 12.223559 | I24: =plot_LH3_biomass_and_carbon_poo!Y694 -> 24.986008 | J24: =plot_LH3_biomass_and_carbon_poo!AL694 -> 25.030653 | R24: =R23+1 -> 20 | S24: =H24*6 -> 73.341355 | T24: =I24*6 -> 149.91605 | U24: =J24*6 -> 150.18392
G25: =G24+1 -> 21 | H25: =plot_LH3_biomass_and_carbon_poo!L695 -> 9.5793558 | I25: =plot_LH3_biomass_and_carbon_poo!Y695 -> 21.745894 | J25: =plot_LH3_biomass_and_carbon_poo!AL695 -> 21.788498 | R25: =R24+1 -> 21 | S25: =H25*6 -> 57.476135 | T25: =I25*6 -> 130.47537 | U25: =J25*6 -> 130.73099
G26: =G25+1 -> 22 | H26: =plot_LH3_biomass_and_carbon_poo!L696 -> 7.1035701 | I26: =plot_LH3_biomass_and_carbon_poo!Y696 -> 18.633154 | J26: =plot_LH3_biomass_and_carbon_poo!AL696 -> 18.672676 | R26: =R25+1 -> 22 | S26: =H26*6 -> 42.621421 | T26: =I26*6 -> 111.79892 | U26: =J26*6 -> 112.03605
... G28: =G27+1 -> 24 | H28: =plot_LH3_biomass_and_carbon_poo!L698 -> 2.6715044 | I28: =plot_LH3_biomass_and_carbon_poo!Y698 -> 12.818087 | J28: =plot_LH3_biomass_and_carbon_poo!AL698 -> 12.848574 | R28: =R27+1 -> 24 | S28: =H28*6 -> 16.029027 | T28: =I28*6 -> 76.908519 | U28: =J28*6 -> 77.091446

Sheet M+F
A1: In C4 | G1: in C4 | L1: In C | R1: in C
B2: M+F (data) | G2: M+F (simulation) | M2: M+F (data) | R2: M+F (simulation)
A3: Hour | B3: 0 | C3: 12 | D3: 24 | G3: Hour | H3: Col | I3: prr7/prr9 (starch defect) | J3: prr7/prr9 (starch+store) | L3: Hour | M3: 0 | N3: 12 | O3: 24 | P3: ave 0,24 | R3: Hour | S3: Col | T3: prr7/prr9 (starch defect) | U3: prr7/prr9 (starch+store)
A4: Col | B4: 6.5 | C4: 19.2 | D4: 7.2 | G4: 0 | H4: =plot_LH3_biomass_and_carbon_poo!M674 -> 6.3861378 | I4: =plot_LH3_biomass_and_carbon_poo!Z674 -> 7.8343881 | J4: =plot_LH3_biomass_and_carbon_poo!AM674 -> 25.009655 | L4: Col | M4: =B4*4 -> 26 | N4: =C4*4 -> 76.8 | O4: =D4*4 -> 28.8 | P4: =AVERAGE(M4,O4) -> 27.4 | R4: 0 | S4: =H4*4 -> 25.544551 | T4: =I4*4 -> 31.337552 | U4: =J4*4 -> 100.03862
A5: SD | B5: 0.9 | C5: 1.1 | D5: 0.5 | G5: =G4+1 -> 1 | H5: =plot_LH3_biomass_and_carbon_poo!M675 -> 7.2813669 | I5: =plot_LH3_biomass_and_carbon_poo!Z675 -> 8.9289495 | J5: =plot_LH3_biomass_and_carbon_poo!AM675 -> 25.818967 | L5: SD | M5: =B5*4 -> 3.6 | N5: =C5*4 -> 4.4 | O5: =D5*4 -> 2 | R5: =R4+1 -> 1 | S5: =H5*4 -> 29.125468 | T5: =I5*4 -> 35.715798 | U5: =J5*4 -> 103.27587
A6: prr7/prr9 | B6: 20.1 | C6: 45.9 | D6: 28.5 | G6: =G5+1 -> 2 | H6: =plot_LH3_biomass_and_carbon_poo!M676 -> 8.1569997 | I6: =plot_LH3_biomass_and_carbon_poo!Z676 -> 9.9996616 | J6: =plot_LH3_biomass_and_carbon_poo!AM676 -> 26.608741 | L6: prr7/prr9 | M6: =B6*4 -> 80.4 | N6: =C6*4 -> 183.6 | O6: =D6*4 -> 114 | P6: =AVERAGE(M6,O6) -> 97.2 | Q6: =P6/P4 -> 3.5474453 | R6: =R5+1 -> 2 | S6: =H6*4 -> 32.627999 | T6: =I6*4 -> 39.998646 | U6: =J6*4 -> 106.43496
A7: SD | B7: 2.7 | C7: 0.8 | D7: 2.1 | G7: =G6+1 -> 3 | H7: =plot_LH3_biomass_and_carbon_poo!M677 -> 9.0143749 | I7: =plot_LH3_biomass_and_carbon_poo!Z677 -> 11.047941 | J7: =plot_LH3_biomass_and_carbon_poo!AM677 -> 27.380641 | L7: SD | M7: =B7*4 -> 10.8 | N7: =C7*4 -> 3.2 | O7: =D7*4 -> 8.4 | R7: =R6+1 -> 3 | S7: =H7*4 -> 36.0575 | T7: =I7*4 -> 44.191765 | U7: =J7*4 -> 109.52256
G8: =G7+1 -> 4 | H8: =plot_LH3_biomass_and_carbon_poo!M678 -> 9.8541051 | I8: =plot_LH3_biomass_and_carbon_poo!Z678 -> 12.074637 | J8: =plot_LH3_biomass_and_carbon_poo!AM678 -> 28.135549 | R8: =R7+1 -> 4 | S8: =H8*4 -> 39.41642 | T8: =I8*4 -> 48.29855 | U8: =J8*4 -> 112.54219
G9: =G8+1 -> 5 | H9: =plot_LH3_biomass_and_carbon_poo!M679 -> 10.676474 | I9: =plot_LH3_biomass_and_carbon_poo!Z679 -> 13.080097 | J9: =plot_LH3_biomass_and_carbon_poo!AM679 -> 28.873746 | R9: =R8+1 -> 5 | S9: =H9*4 -> 42.705895 | T9: =I9*4 -> 52.320388 | U9: =J9*4 -> 115.49499
G10: =G9+1 -> 6 | H10: =plot_LH3_biomass_and_carbon_poo!M680 -> 11.481758 | I10: =plot_LH3_biomass_and_carbon_poo!Z680 -> 14.06466 | J10: =plot_LH3_biomass_and_carbon_poo!AM680 -> 29.595498 | R10: =R9+1 -> 6 | S10: =H10*4 -> 45.927032 | T10: =I10*4 -> 56.258639 | U10: =J10*4 -> 118.38199
G11: =G10+1 -> 7 | H11: =plot_LH3_biomass_and_carbon_poo!M681 -> 12.287861 | I11: =plot_LH3_biomass_and_carbon_poo!Z681 -> 15.050108 | J11: =plot_LH3_biomass_and_carbon_poo!AM681 -> 30.301062 | R11: =R10+1 -> 7 | S11: =H11*4 -> 49.151443 | T11: =I11*4 -> 60.200431 | U11: =J11*4 -> 121.20425
G12: =G11+1 -> 8 | H12: =plot_LH3_biomass_and_carbon_poo!M682 -> 13.077336 | I12: =plot_LH3_biomass_and_carbon_poo!Z682 -> 16.015199 | J12: =plot_LH3_biomass_and_carbon_poo!AM682 -> 31.012249 | R12: =R11+1 -> 8 | S12: =H12*4 -> 52.309342 | T12: =I12*4 -> 64.060797 | U12: =J12*4 -> 124.049
G13: =G12+1 -> 9 | H13: =plot_LH3_biomass_and_carbon_poo!M683 -> 13.850535 | I13: =plot_LH3_biomass_and_carbon_poo!Z683 -> 16.960358 | J13: =plot_LH3_biomass_and_carbon_poo!AM683 -> 31.707669 | R13: =R12+1 -> 9 | S13: =H13*4 -> 55.402138 | T13: =I13*4 -> 67.841434 | U13: =J13*4 -> 126.83068
G14: =G13+1 -> 10 | H14: =plot_LH3_biomass_and_carbon_poo!M684 -> 14.607703 | I14: =plot_LH3_biomass_and_carbon_poo!Z684 -> 17.885914 | J14: =plot_LH3_biomass_and_carbon_poo!AM684 -> 32.387648 | R14: =R13+1 -> 10 | S14: =H14*4 -> 58.430812 | T14: =I14*4 -> 71.543655 | U14: =J14*4 -> 129.55059
G15: =G14+1 -> 11 | H15: =plot_LH3_biomass_and_carbon_poo!M685 -> 15.350588 | I15: =plot_LH3_biomass_and_carbon_poo!Z685 -> 18.792542 | J15: =plot_LH3_biomass_and_carbon_poo!AM685 -> 33.055413 | R15: =R14+1 -> 11 | S15: =H15*4 -> 61.402351 | T15: =I15*4 -> 75.170169 | U15: =J15*4 -> 132.22165
G16: =G15+1 -> 12 | H16: =plot_LH3_biomass_and_carbon_poo!M686 -> 16.080328 | I16: =plot_LH3_biomass_and_carbon_poo!Z686 -> 19.684374 | J16: =plot_LH3_biomass_and_carbon_poo!AM686 -> 33.712526 | R16: =R15+1 -> 12 | S16: =H16*4 -> 64.321313 | T16: =I16*4 -> 78.737495 | U16: =J16*4 -> 134.8501
G17: =G16+1 -> 13 | H17: =plot_LH3_biomass_and_carbon_poo!M687 -> 15.233014 | I17: =plot_LH3_biomass_and_carbon_poo!Z687 -> 18.656101 | J17: =plot_LH3_biomass_and_carbon_poo!AM687 -> 32.939412 | R17: =R16+1 -> 13 | S17: =H17*4 -> 60.932058 | T17: =I17*4 -> 74.624405 | U17: =J17*4 -> 131.75765
G18: =G17+1 -> 14 | H18: =plot_LH3_biomass_and_carbon_poo!M688 -> 14.39145 | I18: =plot_LH3_biomass_and_carbon_poo!Z688 -> 17.633142 | J18: =plot_LH3_biomass_and_carbon_poo!AM688 -> 32.170429 | R18: =R17+1 -> 14 | S18: =H18*4 -> 57.5658 | T18: =I18*4 -> 70.532569 | U18: =J18*4 -> 128.68172
G19: =G18+1 -> 15 | H19: =plot_LH3_biomass_and_carbon_poo!M689 -> 13.556365 | I19: =plot_LH3_biomass_and_carbon_poo!Z689 -> 16.61647 | J19: =plot_LH3_biomass_and_carbon_poo!AM689 -> 31.407591 | R19: =R18+1 -> 15 | S19: =H19*4 -> 54.225461 | T19: =I19*4 -> 66.465879 | U19: =J19*4 -> 125.63037
... G28: =G27+1 -> 24 | H28: =plot_LH3_biomass_and_carbon_poo!M698 -> 6.2822094 | I28: =plot_LH3_biomass_and_carbon_poo!Z698 -> 7.7049749 | J28: =plot_LH3_biomass_and_carbon_poo!AM698 -> 24.803175 | R28: =R27+1 -> 24 | S28: =H28*4 -> 25.128837 | T28: =I28*4 -> 30.8199 | U28: =J28*4 -> 99.212699

Sheet plot_LH3_biomass_and_carbon_poo
A1: simulation | B1: WT | C1: WT | D1: WT | E1: WT | F1: WT | G1: WT | H1: WT | I1: WT | J1: WT | K1: WT | L1: WT | M1: WT | N1: WT | O1: prr7prr9_noMF | P1: prr7prr9_noMF | Q1: prr7prr9_noMF | R1: prr7prr9_noMF | S1: prr7prr9_noMF | T1: prr7prr9_noMF | U1: prr7prr9_noMF | V1: prr7prr9_noMF | W1: prr7prr9_noMF | X1: prr7prr9_noMF | Y1: prr7prr9_noMF | Z1: prr7prr9_noMF | AA1: prr7prr9_noMF | AB1: prr7prr9 | AC1: prr7prr9 | AD1: prr7prr9 | AE1: prr7prr9 | AF1: prr7prr9 | AG1: prr7prr9 | AH1: prr7prr9 | AI1: prr7prr9 | AJ1: prr7prr9 | AK1: prr7prr9 | AL1: prr7prr9 | AM1: prr7prr9 | AN1: prr7prr9
A2: variable | B2: Total_shoot | C2: Starch_carbon | D2: MF_carbon | E2: starch | F2: sucrose | G2: NPP | H2: Gas_exchange_perFW | I2: starch_perFW | J2: sucrose_perFW | K2: FW | L2: starchC6 | M2: malatefumarateC4 | N2: sugar | O2: Total_shoot | P2: Starch_carbon | Q2: MF_carbon | R2: starch | S2: sucrose | T2: NPP | U2: Gas_exchange_perFW | V2: starch_perFW | W2: sucrose_perFW | X2: FW | Y2: starchC6 | Z2: malatefumarateC4 | AA2: sugar | AB2: Total_shoot | AC2: Starch_carbon | AD2: MF_carbon | AE2: starch | AF2: sucrose | AG2: NPP | AH2: Gas_exchange_perFW | AI2: starch_perFW | AJ2: sucrose_perFW | AK2: FW | AL2: starchC6 | AM2: malatefumarateC4 | AN2: sugar
A3: 0 | B3: 0 | C3: 0 | D3: 0 | E3: 0 | F3: 0 | G3: 0 | K3: 0 | O3: 0 | P3: 0 | Q3: 0 | R3: 0 | S3: 0 | T3: 0 | X3: 0 | AB3: 0 | AC3: 0 | AD3: 0 | AE3: 0 | AF3: 0 | AG3: 0 | AK3: 0
A4: 1 | B4: 0 | C4: 0 | D4: 0 | E4: 0 | F4: 0 | G4: 0 | K4: 0 | O4: 0 | P4: 0 | Q4: 0 | R4: 0 | S4: 0 | T4: 0 | X4: 0 | AB4: 0 | AC4: 0 | AD4: 0 | AE4: 0 | AF4: 0 | AG4: 0 | AK4: 0
A5: 2 | B5: 0 | C5: 0 | D5: 0 | E5: 0 | F5: 0 | G5: 0 | K5: 0 | O5: 0 | P5: 0 | Q5: 0 | R5: 0 | S5: 0 | T5: 0 | X5: 0 | AB5: 0 | AC5: 0 | AD5: 0 | AE5: 0 | AF5: 0 | AG5: 0 | AK5: 0
A6: 3 | B6: 0 | C6: 0 | D6: 0 | E6: 0 | F6: 0 | G6: 0 | K6: 0 | O6: 0 | P6: 0 | Q6: 0 | R6: 0 | S6: 0 | T6: 0 | X6: 0 | AB6: 0 | AC6: 0 | AD6: 0 | AE6: 0 | AF6: 0 | AG6: 0 | AK6: 0
A7: 4 | B7: 0 | C7: 0 | D7: 0 | E7: 0 | F7: 0 | G7: 0 | K7: 0 | O7: 0 | P7: 0 | Q7: 0 | R7: 0 | S7: 0 | T7: 0 | X7: 0 | AB7: 0 | AC7: 0 | AD7: 0 | AE7: 0 | AF7: 0 | AG7: 0 | AK7: 0
A8: 5 | B8: 0 | C8: 0 | D8: 0 | E8: 0 | F8: 0 | G8: 0 | K8: 0 | O8: 0 | P8: 0 | Q8: 0 | R8: 0 | S8: 0 | T8: 0 | X8: 0 | AB8: 0 | AC8: 0 | AD8: 0 | AE8: 0 | AF8: 0 | AG8: 0 | AK8: 0
A9: 6 | B9: 0 | C9: 0 | D9: 0 | E9: 0 | F9: 0 | G9: 0 | K9: 0 | O9: 0 | P9: 0 | Q9: 0 | R9: 0 | S9: 0 | T9: 0 | X9: 0 | AB9: 0 | AC9: 0 | AD9: 0 | AE9: 0 | AF9: 0 | AG9: 0 | AK9: 0
A10: 7 | B10: 0 | C10: 0 | D10: 0 | E10: 0 | F10: 0 | G10: 0 | K10: 0 | O10: 0 | P10: 0 | Q10: 0 | R10: 0 | S10: 0 | T10: 0 | X10: 0 | AB10: 0 | AC10: 0 | AD10: 0 | AE10: 0 | AF10: 0 | AG10: 0 | AK10: 0
A11: 8 | B11: 0 | C11: 0 | D11: 0 | E11: 0 | F11: 0 | G11: 0 | K11: 0 | O11: 0 | P11: 0 | Q11: 0 | R11: 0 | S11: 0 | T11: 0 | X11: 0 | AB11: 0 | AC11: 0 | AD11: 0 | AE11: 0 | AF11: 0 | AG11: 0 | AK11: 0
A12: 9 | B12: 0 | C12: 0 | D12: 0 | E12: 0 | F12: 0 | G12: 0 | K12: 0 | O12: 0 | P12: 0 | Q12: 0 | R12: 0 | S12: 0 | T12: 0 | X12: 0 | AB12: 0 | AC12: 0 | AD12: 0 | AE12: 0 | AF12: 0 | AG12: 0 | AK12: 0
A13: 10 | B13: 0 | C13: 0 | D13: 0 | E13: 0 | F13: 0 | G13: 0 | K13: 0 | O13: 0 | P13: 0 | Q13: 0 | R13: 0 | S13: 0 | T13: 0 | X13: 0 | AB13: 0 | AC13: 0 | AD13: 0 | AE13: 0 | AF13: 0 | AG13: 0 | AK13: 0
A14: 11 | B14: 0 | C14: 0 | D14: 0 | E14: 0 | F14: 0 | G14: 0 | K14: 0 | O14: 0 | P14: 0 | Q14: 0 | R14: 0 | S14: 0 | T14: 0 | X14: 0 | AB14: 0 | AC14: 0 | AD14: 0 | AE14: 0 | AF14: 0 | AG14: 0 | AK14: 0
... A152: 149 | B152: 0 | C152: 0 | D152: 0 | E152: 0 | F152: 0 | G152: 0 | K152: 0 | O152: 0 | P152: 0 | Q152: 0 | R152: 0 | S152: 0 | T152: 0 | X152: 0 | AB152: 0 | AC152: 0 | AD152: 0 | AE152: 0 | AF152: 0 | AG152: 0 | AK152: 0
A153: 150 | B153: 1.5999971e-05 | C153: 4e-07 | D153: 1.6e-07 | E153: 4e-07 | F153: 2e-07 | G153: 2.6209255e-07 | H153: 0.0014742733 | I153: 0.0022500041 | J153: 0.001125002 | K153: 0.00017777746 | L153: 31.250057 | M153: 18.750034 | N153: 7.8125142 | O153: 1.5999971e-05 | P153: 4e-07 | Q153: 1.6e-07 | R153: 4e-07 | S153: 2e-07 | T153: 2.6209255e-07 | U153: 0.0018018896 | V153: 0.002750005 | W153: 0.0013750025 | X153: 0.00014545428 | Y153: 38.194514 | Z153: 22.916708 | AA153: 9.5486284 | AB153: 1.5999971e-05 | AC153: 4e-07 | AD153: 1.6e-07 | AE153: 4e-07 | AF153: 2e-07 | AG153: 2.6209255e-07 | AH153: 0.0018018896 | AI153: 0.002750005 | AJ153: 0.0013750025 | AK153: 0.00014545428 | AL153: 38.194514 | AM153: 22.916708 | AN153: 9.5486284
A154: 151 | B154: 1.6236082e-05 | C154: 4.8299666e-07 | D154: 1.7659933e-07 | E154: 4.8299666e-07 | F154: 4.0105562e-07 | G154: 3.8111382e-07 | H154: 0.0021125936 | I154: 0.0026773515 | J154: 0.0022231352 | K154: 0.00018040091 | L154: 37.185438 | M154: 20.394313 | N154: 15.438439 | O154: 1.6236082e-05 | P154: 4.8299666e-07 | Q154: 1.7659933e-07 | R154: 4.8299666e-07 | S154: 4.0105562e-07 | T154: 3.8111382e-07 | U154: 0.0025820589 | V154: 0.0032723185 | W154: 0.0027171653 | X154: 0.00014760075 | Y154: 45.448868 | Z154: 24.926383 | AA154: 18.869203 | AB154: 1.6236082e-05 | AC154: 4.8299666e-07 | AD154: 1.7659933e-07 | AE154: 4.8299666e-07 | AF154: 4.0105562e-07 | AG154: 3.8111382e-07 | AH154: 0.0025820589 | AI154: 0.0032723185 | AJ154: 0.0027171653 | AK154: 0.00014760075 | AL154: 45.448868 | AM154: 24.926383 | AN154: 18.869203
A155: 152 | B155: 1.6476207e-05 | C155: 5.6726369e-07 | D155: 1.9345274e-07 | E155: 5.6726369e-07 | F155: 5.8755803e-07 | G155: 3.6931491e-07 | H155: 0.002017354 | I155: 0.0030986338 | J155: 0.00320949 | K155: 0.00018306897 | L155: 43.036581 | M155: 22.015011 | N155: 22.288125 | O155: 1.6476207e-05 | P155: 5.6726369e-07 | Q155: 1.9345274e-07 | R155: 5.6726369e-07 | S155: 5.8755803e-07 | T155: 3.6931491e-07 | U155: 0.0024656548 | V155: 0.0037872191 | W155: 0.00392271 | X155: 0.0001497837 | Y155: 52.600265 | Z155: 26.907236 | AA155: 27.241042 | AB155: 1.6476207e-05 | AC155: 5.6726369e-07 | AD155: 1.9345274e-07 | AE155: 5.6726369e-07 | AF155: 5.8755803e-07 | AG155: 3.6931491e-07 | AH155: 0.0024656548 | AI155: 0.0037872191 | AJ155: 0.00392271 | AK155: 0.0001497837 | AL155: 52.600265 | AM155: 26.907236 | AN155: 27.241042
A156: 153 | B156: 1.6720414e-05 | C156: 6.5283838e-07 | D156: 2.1056768e-07 | E156: 6.5283838e-07 | F156: 7.6080343e-07 | G156: 3.5897257e-07 | H156: 0.0019322207 | I156: 0.0035139951 | J156: 0.0040951323 | K156: 0.00018578238 | L156: 48.805488 | M156: 23.612716 | N156: 28.438419 | O156: 1.6720414e-05 | P156: 6.5283838e-07 | Q156: 2.1056768e-07 | R156: 6.5283838e-07 | S156: 7.6080343e-07 | T156: 3.5897257e-07 | U156: 0.0023616031 | V156: 0.0042948829 | W156: 0.0050051617 | X156: 0.00015200377 | Y156: 59.651152 | Z156: 28.859986 | AA156: 34.758068 | AB156: 1.6720414e-05 | AC156: 6.5283838e-07 | AD156: 2.1056768e-07 | AE156: 6.5283838e-07 | AF156: 7.6080343e-07 | AG156: 3.5897257e-07 | AH156: 0.0023616031 | AI156: 0.0042948829 | AJ156: 0.0050051617 | AK156: 0.00015200377 | AL156: 59.651152 | AM156: 28.859986 | AN156: 34.758068
A157: 154 | B157: 1.6968773e-05 | C157: 7.3974101e-07 | D157: 2.279482e-07 | E157: 7.3974101e-07 | F157: 9.2199239e-07 | G157: 3.4990196e-07 | H157: 0.0018558311 | I157: 0.003923483 | J157: 0.0048901188 | K157: 0.00018854192 | L157: 54.492819 | M157: 25.187613 | N157: 33.959158 | O157: 1.6968773e-05 | P157: 7.3974101e-07 | Q157: 2.279482e-07 | R157: 7.3974101e-07 | S157: 9.2199239e-07 | T157: 3.4990196e-07 | U157: 0.002268238 | V157: 0.0047953681 | W157: 0.0059768119 | X157: 0.00015426157 | Y157: 66.602334 | Z157: 30.78486 | AA157: 41.505638 | AB157: 1.6968773e-05 | AC157: 7.3974101e-07 | AD157: 2.279482e-07 | AE157: 7.3974101e-07 | AF157: 9.2199239e-07 | AG157: 3.4990196e-07 | AH157: 0.002268238 | AI157: 0.0047953681 | AJ157: 0.0059768119 | AK157: 0.00015426157 | AL157: 66.602334 | AM157: 30.78486 | AN157: 41.505638
A158: 155 | B158: 1.7221354e-05 | C158: 8.279922e-07 | D158: 2.4559844e-07 | E158: 8.279922e-07 | F158: 1.0722374e-06 | G158: 3.420011e-07 | H158: 0.0017873217 | I158: 0.0043271452 | J158: 0.0056035876 | K158: 0.00019134837 | L158: 60.099239 | M158: 26.739888 | N158: 38.913802 | O158: 1.7221354e-05 | P158: 8.279922e-07 | Q158: 2.4559844e-07 | R158: 8.279922e-07 | S158: 1.0722374e-06 | T158: 3.420011e-07 | U158: 0.0021845043 | V158: 0.005288733 | W158: 0.0068488292 | X158: 0.00015655776 | Y158: 73.454625 | Z158: 32.682086 | AA158: 47.561314 | AB158: 1.7221354e-05 | AC158: 8.279922e-07 | AD158: 2.4559844e-07 | AE158: 8.279922e-07 | AF158: 1.0722374e-06 | AG158: 3.420011e-07 | AH158: 0.0021845043 | AI158: 0.005288733 | AJ158: 0.0068488292 | AK158: 0.00015655776 | AL158: 73.454625 | AM158: 32.682086 | AN158: 47.561314
A159: 156 | B159: 1.7478228e-05 | C159: 7.4909627e-07 | D159: 2.3331852e-07 | E159: 7.4909627e-07 | F159: 9.238259e-07 | G159: -1.5227943e-07 | H159: -0.00078412687 | I159: 0.003857294 | J159: 0.0047570228 | K159: 0.00019420254 | L159: 53.573527 | M159: 25.029552 | N159: 33.034881 | O159: 1.7478228e-05 | P159: 7.6728553e-07 | Q159: 2.3331852e-07 | R159: 7.6728553e-07 | S159: 9.0563663e-07 | T159: -1.5227943e-07 | U159: -0.00095837729 | V159: 0.0048289453 | W159: 0.0056996641 | X159: 0.00015889298 | Y159: 67.068685 | Z159: 30.591674 | AA159: 39.581 | AB159: 1.7478228e-05 | AC159: 7.6728553e-07 | AD159: 2.404818e-07 | AE159: 7.6728553e-07 | AF159: 8.9847334e-07 | AG159: -1.5227943e-07 | AH159: -0.00095837729 | AI159: 0.0048289453 | AJ159: 0.0056545816 | AK159: 0.00015889298 | AL159: 67.068685 | AM159: 31.530893 | AN159: 39.267928
A160: 157 | B160: 1.773947e-05 | C160: 6.7185414e-07 | D160: 2.210386e-07 | E160: 6.7185414e-07 | F160: 7.8458429e-07 | G160: -1.3997572e-07 | H160: -0.00071015733 | I160: 0.0034086065 | J160: 0.0039805354 | K160: 0.00019710522 | L160: 47.341758 | M160: 23.363008 | N160: 27.642607 | O160: 1.773947e-05 | P160: 7.0760351e-07 | Q160: 2.210386e-07 | R160: 7.0760351e-07 | S160: 7.5045465e-07 | T160: -1.3835599e-07 | U160: -0.00085792639 | V160: 0.0043877515 | W160: 0.0046534656 | X160: 0.00016126791 | Y160: 60.940994 | Z160: 28.554787 | AA160: 32.315733 | AB160: 1.773947e-05 | AC160: 7.0760351e-07 | AD160: 2.3536517e-07 | AE160: 7.0760351e-07 | AF160: 7.3676595e-07 | AG160: -1.3771811e-07 | AH160: -0.00085397099 | AI160: 0.0043877515 | AJ160: 0.0045685839 | AK160: 0.00016126791 | AL160: 60.940994 | AM160: 30.40556 | AN160: 31.726277
A161: 158 | B161: 1.8005152e-05 | C161: 5.9653695e-07 | D161: 2.0875867e-07 | E161: 5.9653695e-07 | F161: 6.533836e-07 | G161: -1.285034e-07 | H161: -0.00064233312 | I161: 0.0029818312 | J161: 0.0032659832 | K161: 0.00020005725 | L161: 41.414323 | M161: 21.739472 | N161: 22.680439 | O161: 1.8005152e-05 | P161: 6.490741e-07 | Q161: 2.0875867e-07 | R161: 6.490741e-07 | S161: 6.0550537e-07 | T161: -1.254642e-07 | U161: -0.00076650628 | V161: 0.0039654289 | W161: 0.0036992517 | X161: 0.0001636832 | Y161: 55.075401 | Z161: 26.570466 | AA161: 25.689248 | AB161: 1.8005152e-05 | AC161: 6.490741e-07 | AD161: 2.3024854e-07 | AE161: 6.490741e-07 | AF161: 5.8587234e-07 | AG161: -1.2424524e-07 | AH161: -0.00075905922 | AI161: 0.0039654289 | AJ161: 0.0035793064 | AK161: 0.0001636832 | AL161: 55.075401 | AM161: 29.305661 | AN161: 24.856295
A162: 159 | B162: 1.8275351e-05 | C162: 5.2331551e-07 | D162: 1.9647875e-07 | E162: 5.2331551e-07 | F162: 5.2929556e-07 | G162: -1.1776212e-07 | H162: -0.00057993911 | I162: 0.0025771541 | J162: 0.0026066038 | K162: 0.00020305946 | L162: 35.793806 | M162: 20.158171 | N162: 18.101415 | O162: 1.8275351e-05 | P162: 5.9176798e-07 | Q162: 1.9647875e-07 | R162: 5.9176798e-07 | S162: 4.697655e-07 | T162: -1.1349863e-07 | U162: -0.00068315236 | V162: 0.0035618728 | W162: 0.0028275355 | X162: 0.00016613956 | Y162: 49.470456 | Z162: 24.637764 | AA162: 19.635663 | AB162: 1.8275351e-05 | AC162: 5.9176798e-07 | AD162: 2.251319e-07 | AE162: 5.9176798e-07 | AF162: 4.4471748e-07 | AG162: -1.1175034e-07 | AH162: -0.00067262932 | AI162: 0.0035618728 | AJ162: 0.0026767706 | AK162: 0.00016613956 | AL162: 49.470456 | AM162: 28.230772 | AN162: 18.588684
A163: 160 | B163: 1.8550144e-05 | C163: 4.5238251e-07 | D163: 1.8419883e-07 | E163: 4.5238251e-07 | F163: 4.1145232e-07 | G163: -1.0766945e-07 | H163: -0.00052238142 | I163: 0.0021948307 | J163: 0.0019962491 | K163: 0.00020611271 | L163: 30.48376 | M163: 18.618335 | N163: 13.862841 | O163: 1.8550144e-05 | P163: 5.3574648e-07 | Q163: 1.8419883e-07 | R163: 5.3574648e-07 | S163: 3.4231184e-07 | T163: -1.0236838e-07 | U163: -0.00060703148 | V163: 0.0031769086 | W163: 0.0020298657 | X163: 0.00016863767 | Y163: 44.123731 | Z163: 22.755743 | AA163: 14.09629 | AB163: 1.8550144e-05 | AC163: 5.3574648e-07 | AD163: 2.2001527e-07 | AE163: 5.3574648e-07 | AF163: 3.1233102e-07 | AG163: -1.0013788e-07 | AH163: -0.00059380494 | AI163: 0.0031769086 | AJ163: 0.0018520833 | AK163: 0.00016863767 | AL163: 44.123731 | AM163: 27.180471 | AN163: 12.86169
A164: 161 | B164: 1.8829608e-05 | C164: 3.8398184e-07 | D164: 1.7191891e-07 | E164: 3.8398184e-07 | F164: 2.9901154e-07 | G164: -9.8148329e-08 | H164: -0.0004691202 | I164: 0.0018353205 | J164: 0.0014291874 | K164: 0.00020921787 | L164: 25.490562 | M164: 17.119207 | N164: 9.9249126 | O164: 1.8829608e-05 | P164: 4.8111632e-07 | Q164: 1.7191891e-07 | R164: 4.8111632e-07 | S164: 2.2225742e-07 | T164: -9.1991455e-08 | U164: -0.00053740152 | V164: 0.0028106159 | W164: 0.0012983975 | X164: 0.00017117826 | Y164: 39.036331 | Z164: 20.923475 | AA164: 9.0166492 | AB164: 1.8829608e-05 | AC164: 4.8111632e-07 | AD164: 2.1489863e-07 | AE164: 4.8111632e-07 | AF164: 1.8778307e-07 | AG164: -8.9321701e-08 | AH164: -0.00052180518 | AI164: 0.0028106159 | AJ164: 0.001097003 | AK164: 0.00017117826 | AL164: 39.036331 | AM164: 26.154343 | AN164: 7.6180767
... A962: 959 | B962: 0.11465235 | C962: 0.00018774936 | D962: 0.00022372574 | E962: 0.00018774936 | F962: 0.00018176429 | G962: -0.00010554812 | H962: -8.2853347e-05 | I962: 0.00014737983 | J962: 0.00014268166 | K962: 1.2739149 | L962: 2.046942 | M962: 3.658763 | N962: 0.99084483 | O962: 0.10442196 | P962: 0.00056517558 | Q962: 0.00020383607 | R962: 0.00056517558 | S962: 0.00016550626 | T962: -9.6109588e-05 | U962: -0.00010124359 | V962: 0.00059536627 | W962: 0.00017434732 | X962: 0.94929056 | Y962: 8.268976 | Z962: 4.4734298 | AA962: 1.2107452 | AB962: 0.092943649 | AC962: 0.0005034743 | AD962: 0.00068264617 | AE962: 0.0005034743 | AF962: 0.00014729851 | AG962: -8.4842644e-05 | AH962: -0.00010041236 | AI962: 0.00059586828 | AJ962: 0.00017432968 | AK962: 0.84494227 | AL962: 8.2759484 | AM962: 16.831677 | AN962: 1.2106227
