Workbook

Sheet Day 21
A1: Date | B1: 42114
A2: Day | B2: 21
A4: Genotype | B4: Col wt | J4: Rosette/FW | K4: Rosette/DW | M4: Rosette/FW
C5: Foil | D5: Foil + FW | E5: Foil + DW | F5: FW (g) | G5: DW (g) | H5: Water (%) | I5: Rosette area (mm2) | J5: SLA(m2/g) | K5: SLA(m2/g) | M5: SLA(cm2/g)
B6: R1 | C6: 0.5877 | D6: 0.6169 | E6: 0.5909 | F6: =D6-C6 -> 0.0292 | G6: =E6-C6 -> 0.0032 | H6: =100-G6/F6*100 -> 89.041096 | I6: 140.005 | J6: =I6/10^6/F6 -> 0.0047946918 | K6: =I6/10^6/G6 -> 0.043751563 | M6: =J6*10000 -> 47.946918
B7: R2 | C7: 0.7594 | D7: 0.7831 | E7: 0.7616 | F7: =D7-C7 -> 0.0237 | G7: =E7-C7 -> 0.0022 | H7: =100-G7/F7*100 -> 90.7173 | I7: 137.681 | J7: =I7/10^6/F7 -> 0.0058093249 | K7: =I7/10^6/G7 -> 0.062582273 | M7: =J7*10000 -> 58.093249
B8: R3 | C8: 0.7642 | D8: 0.7891 | E8: 0.7666 | F8: =D8-C8 -> 0.0249 | G8: =E8-C8 -> 0.0024 | H8: =100-G8/F8*100 -> 90.361446 | I8: 136.015 | J8: =I8/10^6/F8 -> 0.0054624498 | K8: =I8/10^6/G8 -> 0.056672917 | M8: =J8*10000 -> 54.624498
B9: R4 | C9: 0.5563 | D9: 0.5801 | E9: 0.5588 | F9: =D9-C9 -> 0.0238 | G9: =E9-C9 -> 0.0025 | H9: =100-G9/F9*100 -> 89.495798 | I9: 118.879 | J9: =I9/10^6/F9 -> 0.004994916 | K9: =I9/10^6/G9 -> 0.0475516 | M9: =J9*10000 -> 49.94916
B10: R5 | C10: 0.5481 | D10: 0.5731 | E10: 0.551 | F10: =D10-C10 -> 0.025 | G10: =E10-C10 -> 0.0029 | H10: =100-G10/F10*100 -> 88.4 | I10: 99.174 | J10: =I10/10^6/F10 -> 0.00396696 | K10: =I10/10^6/G10 -> 0.034197931 | M10: =J10*10000 -> 39.6696
E11: Average | F11: =AVERAGE(F6:F10) -> 0.02532 | G11: =AVERAGE(G6:G10) -> 0.00264 | H11: =AVERAGE(H6:H10) -> 89.603128 | I11: =AVERAGE(I6:I10) -> 126.3508 | J11: =AVERAGE(J6:J10) -> 0.0050056685 | K11: =AVERAGE(K6:K10) -> 0.048951257 | M11: =AVERAGE(M6:M10) -> 50.056685
E12: SD | F12: =STDEV(F6:F10) -> 0.0022509998 | G12: =STDEV(G6:G10) -> 0.00040373258 | H12: =STDEV(H6:H10) -> 0.94754167 | I12: =STDEV(I6:I10) -> 17.33936 | J12: =STDEV(J6:J10) -> 0.0007032167 | K12: =STDEV(K6:K10) -> 0.011091496 | M12: =STDEV(M6:M10) -> 7.032167
A14: Genotype | B14: lhy/cca1 | J14: Rosette/FW | K14: Rosette/DW | M14: Rosette/FW
C15: Foil | D15: Foil + FW | E15: Foil + DW | F15: FW (g) | G15: DW (g) | H15: Water (%) | I15: Rosette area (mm2) | J15: SLA(m2/g) | K15: SLA(m2/g) | M15: SLA(cm2/g)
B16: R1 | C16: 0.614 | D16: 0.6294 | E16: 0.6153 | F16: =D16-C16 -> 0.0154 | G16: =E16-C16 -> 0.0013 | H16: =100-G16/F16*100 -> 91.558442 | I16: 81.718 | J16: =I16/10^6/F16 -> 0.0053063636 | K16: =I16/10^6/G16 -> 0.06286 | M16: =J16*10000 -> 53.063636
B17: R2 | C17: 0.6402 | D17: 0.6586 | E17: 0.6423 | F17: =D17-C17 -> 0.0184 | G17: =E17-C17 -> 0.0021 | H17: =100-G17/F17*100 -> 88.586957 | I17: 107.214 | J17: =I17/10^6/F17 -> 0.0058268478 | K17: =I17/10^6/G17 -> 0.051054286 | M17: =J17*10000 -> 58.268478
B18: R3 | C18: 0.7654 | D18: 0.7861 | E18: 0.768 | F18: =D18-C18 -> 0.0207 | G18: =E18-C18 -> 0.0026 | H18: =100-G18/F18*100 -> 87.439614 | I18: 120.706 | J18: =I18/10^6/F18 -> 0.0058312077 | K18: =I18/10^6/G18 -> 0.046425385 | M18: =J18*10000 -> 58.312077
B19: R4 | C19: 0.7184 | D19: 0.7388 | E19: 0.7206 | F19: =D19-C19 -> 0.0204 | G19: =E19-C19 -> 0.0022 | H19: =100-G19/F19*100 -> 89.215686 | I19: 117.191 | J19: =I19/10^6/F19 -> 0.0057446569 | K19: =I19/10^6/G19 -> 0.053268636 | M19: =J19*10000 -> 57.446569
B20: R5 | C20: 0.7072 | D20: 0.7257 | E20: 0.7094 | F20: =D20-C20 -> 0.0185 | G20: =E20-C20 -> 0.0022 | H20: =100-G20/F20*100 -> 88.108108 | I20: 103.274 | J20: =I20/10^6/F20 -> 0.0055823784 | K20: =I20/10^6/G20 -> 0.046942727 | M20: =J20*10000 -> 55.823784
E21: Average | F21: =AVERAGE(F16:F20) -> 0.01868 | G21: =AVERAGE(G16:G20) -> 0.00208 | H21: =AVERAGE(H16:H20) -> 88.981761 | I21: =AVERAGE(I16:I20) -> 106.0206 | J21: =AVERAGE(J16:J20) -> 0.0056582909 | K21: =AVERAGE(K16:K20) -> 0.052110207 | M21: =AVERAGE(M16:M20) -> 56.582909
E22: SD | F22: =STDEV(F16:F20) -> 0.0021158922 | G22: =STDEV(G16:G20) -> 0.00047644517 | H22: =STDEV(H16:H20) -> 1.5804558 | I22: =STDEV(I16:I20) -> 15.329899 | J22: =STDEV(J16:J20) -> 0.00022101259 | K22: =STDEV(K16:K20) -> 0.0066527256 | M22: =STDEV(M16:M20) -> 2.2101259

Sheet Day 22
A1: Date | B1: 42115
A2: Day | B2: 22
A4: Genotype | B4: Col wt | J4: Rosette/FW | K4: Rosette/DW | M4: Rosette/FW
C5: Foil | D5: Foil + FW | E5: Foil + DW | F5: FW (g) | G5: DW (g) | H5: Water (%) | I5: Rosette area (mm2) | J5: SLA(m2/g) | K5: SLA(m2/g) | M5: SLA(cm2/g)
B6: R1 | C6: 0.758 | D6: 0.7927 | E6: 0.7621 | F6: =D6-C6 -> 0.0347 | G6: =E6-C6 -> 0.0041 | H6: =100-G6/F6*100 -> 88.184438 | I6: 163.393 | J6: =I6/10^6/F6 -> 0.004708732 | K6: =I6/10^6/G6 -> 0.039851951 | M6: =J6*10000 -> 47.08732
B7: R2 | C7: 0.7729 | D7: 0.8145 | E7: 0.7774 | F7: =D7-C7 -> 0.0416 | G7: =E7-C7 -> 0.0045 | H7: =100-G7/F7*100 -> 89.182692 | I7: 207.71 | J7: =I7/10^6/F7 -> 0.0049930288 | K7: =I7/10^6/G7 -> 0.046157778 | M7: =J7*10000 -> 49.930288
B8: R3 | C8: 0.702 | D8: 0.7334 | E8: 0.7053 | F8: =D8-C8 -> 0.0314 | G8: =E8-C8 -> 0.0033 | H8: =100-G8/F8*100 -> 89.490446 | I8: 173.129 | J8: =I8/10^6/F8 -> 0.0055136624 | K8: =I8/10^6/G8 -> 0.052463333 | M8: =J8*10000 -> 55.136624
B9: R4 | C9: 0.7373 | D9: 0.7721 | E9: 0.7413 | F9: =D9-C9 -> 0.0348 | G9: =E9-C9 -> 0.004 | H9: =100-G9/F9*100 -> 88.505747 | I9: 166.78 | J9: =I9/10^6/F9 -> 0.0047925287 | K9: =I9/10^6/G9 -> 0.041695 | M9: =J9*10000 -> 47.925287
B10: R5 | C10: 0.6778 | D10: 0.7242 | E10: 0.6831 | F10: =D10-C10 -> 0.0464 | G10: =E10-C10 -> 0.0053 | H10: =100-G10/F10*100 -> 88.577586 | I10: 210.53 | J10: =I10/10^6/F10 -> 0.0045372845 | K10: =I10/10^6/G10 -> 0.039722642 | M10: =J10*10000 -> 45.372845
E11: Average | F11: =AVERAGE(F6:F10) -> 0.03778 | G11: =AVERAGE(G6:G10) -> 0.00424 | H11: =AVERAGE(H6:H10) -> 88.788182 | I11: =AVERAGE(I6:I10) -> 184.3084 | J11: =AVERAGE(J6:J10) -> 0.0049090473 | K11: =AVERAGE(K6:K10) -> 0.043978141 | M11: =AVERAGE(M6:M10) -> 49.090473
E12: SD | F12: =STDEV(F6:F10) -> 0.0060821049 | G12: =STDEV(G6:G10) -> 0.00073348483 | H12: =STDEV(H6:H10) -> 0.5332541 | I12: =STDEV(I6:I10) -> 22.939513 | J12: =STDEV(J6:J10) -> 0.00037567364 | K12: =STDEV(K6:K10) -> 0.0054105627 | M12: =STDEV(M6:M10) -> 3.7567364
A14: Genotype | B14: prr7/prr9 | J14: Rosette/FW | K14: Rosette/DW | M14: Rosette/FW
C15: Foil | D15: Foil + FW | E15: Foil + DW | F15: FW (g) | G15: DW (g) | H15: Water (%) | I15: Rosette area (mm2) | J15: SLA(m2/g) | K15: SLA(m2/g) | M15: SLA(cm2/g)
B16: R1 | C16: 0.6573 | D16: 0.6866 | E16: 0.6609 | F16: =D16-C16 -> 0.0293 | G16: =E16-C16 -> 0.0036 | H16: =100-G16/F16*100 -> 87.713311 | I16: 186.735 | J16: =I16/10^6/F16 -> 0.0063732082 | K16: =I16/10^6/G16 -> 0.051870833 | M16: =J16*10000 -> 63.732082
B17: R2 | C17: 0.8066 | D17: 0.8373 | E17: 0.8103 | F17: =D17-C17 -> 0.0307 | G17: =E17-C17 -> 0.0037 | H17: =100-G17/F17*100 -> 87.947883 | I17: 215.505 | J17: =I17/10^6/F17 -> 0.0070197068 | K17: =I17/10^6/G17 -> 0.058244595 | M17: =J17*10000 -> 70.197068
B18: R3 | C18: 0.6572 | D18: 0.6864 | E18: 0.661 | F18: =D18-C18 -> 0.0292 | G18: =E18-C18 -> 0.0038 | H18: =100-G18/F18*100 -> 86.986301 | I18: 181.874 | J18: =I18/10^6/F18 -> 0.0062285616 | K18: =I18/10^6/G18 -> 0.047861579 | M18: =J18*10000 -> 62.285616
B19: R4 | C19: 0.8869 | D19: 0.9136 | E19: 0.8902 | F19: =D19-C19 -> 0.0267 | G19: =E19-C19 -> 0.0033 | H19: =100-G19/F19*100 -> 87.640449 | I19: 175.539 | J19: =I19/10^6/F19 -> 0.0065744944 | K19: =I19/10^6/G19 -> 0.053193636 | M19: =J19*10000 -> 65.744944
B20: R5 | C20: 0.8151 | D20: 0.8461 | E20: 0.8188 | F20: =D20-C20 -> 0.031 | G20: =E20-C20 -> 0.0037 | H20: =100-G20/F20*100 -> 88.064516 | I20: 185.261 | J20: =I20/10^6/F20 -> 0.0059761613 | K20: =I20/10^6/G20 -> 0.050070541 | M20: =J20*10000 -> 59.761613
E21: Average | F21: =AVERAGE(F16:F20) -> 0.02938 | G21: =AVERAGE(G16:G20) -> 0.00362 | H21: =AVERAGE(H16:H20) -> 87.670492 | I21: =AVERAGE(I16:I20) -> 188.9828 | J21: =AVERAGE(J16:J20) -> 0.0064344265 | K21: =AVERAGE(K16:K20) -> 0.052248237 | M21: =AVERAGE(M16:M20) -> 64.344265
E22: SD | F22: =STDEV(F16:F20) -> 0.0017020576 | G22: =STDEV(G16:G20) -> 0.00019235384 | H22: =STDEV(H16:H20) -> 0.41924141 | I22: =STDEV(I16:I20) -> 15.440226 | J22: =STDEV(J16:J20) -> 0.00039316253 | K22: =STDEV(K16:K20) -> 0.0039044093 | M22: =STDEV(M16:M20) -> 3.9316253
A24: Genotype | B24: pgm | J24: Rosette/FW | K24: Rosette/DW | M24: Rosette/FW
C25: Foil | D25: Foil + FW | E25: Foil + DW | F25: FW (g) | G25: DW (g) | H25: Water (%) | I25: Rosette area (mm2) | J25: SLA(m2/g) | K25: SLA(m2/g) | M25: SLA(cm2/g)
B26: R1 | C26: 0.8019 | D26: 0.8149 | E26: 0.8037 | F26: =D26-C26 -> 0.013 | G26: =E26-C26 -> 0.0018 | H26: =100-G26/F26*100 -> 86.153846 | I26: 48.625 | J26: =I26/10^6/F26 -> 0.0037403846 | K26: =I26/10^6/G26 -> 0.027013889 | M26: =J26*10000 -> 37.403846
B27: R2 | C27: 0.7398 | D27: 0.7551 | E27: 0.7417 | F27: =D27-C27 -> 0.0153 | G27: =E27-C27 -> 0.0019 | H27: =100-G27/F27*100 -> 87.581699 | I27: 61.295 | J27: =I27/10^6/F27 -> 0.0040062092 | K27: =I27/10^6/G27 -> 0.032260526 | M27: =J27*10000 -> 40.062092
B28: R3 | C28: 0.8467 | D28: 0.8579 | E28: 0.8484 | F28: =D28-C28 -> 0.0112 | G28: =E28-C28 -> 0.0017 | H28: =100-G28/F28*100 -> 84.821429 | I28: 48.909 | J28: =I28/10^6/F28 -> 0.004366875 | K28: =I28/10^6/G28 -> 0.02877 | M28: =J28*10000 -> 43.66875
B29: R4 | C29: 0.8369 | D29: 0.8498 | E29: 0.839 | F29: =D29-C29 -> 0.0129 | G29: =E29-C29 -> 0.0021 | H29: =100-G29/F29*100 -> 83.72093 | I29: 49.32 | J29: =I29/10^6/F29 -> 0.0038232558 | K29: =I29/10^6/G29 -> 0.023485714 | M29: =J29*10000 -> 38.232558
B30: R5 | C30: 0.839 | D30: 0.8516 | E30: 0.841 | F30: =D30-C30 -> 0.0126 | G30: =E30-C30 -> 0.002 | H30: =100-G30/F30*100 -> 84.126984 | I30: 35.998 | J30: =I30/10^6/F30 -> 0.0028569841 | K30: =I30/10^6/G30 -> 0.017999 | M30: =J30*10000 -> 28.569841
E31: Average | F31: =AVERAGE(F26:F30) -> 0.013 | G31: =AVERAGE(G26:G30) -> 0.0019 | H31: =AVERAGE(H26:H30) -> 85.280978 | I31: =AVERAGE(I26:I30) -> 48.8294 | J31: =AVERAGE(J26:J30) -> 0.0037587417 | K31: =AVERAGE(K26:K30) -> 0.025905826 | M31: =AVERAGE(M26:M30) -> 37.587417
E32: SD | F32: =STDEV(F26:F30) -> 0.0014747881 | G32: =STDEV(G26:G30) -> 0.00015811388 | H32: =STDEV(H26:H30) -> 1.5836551 | I32: =STDEV(I26:I30) -> 8.9488102 | J32: =STDEV(J26:J30) -> 0.00055873339 | K32: =STDEV(K26:K30) -> 0.0054357233 | M32: =STDEV(M26:M30) -> 5.5873339

Sheet Day 23
A1: Date | B1: 41751 | C1: flower buds observed
A2: Day | B2: 23 | C2: for gas exchange measurement
A4: Genotype | B4: lht/cca1 | J4: Rosette/FW | K4: Rosette/DW | M4: Rosette/FW
A5: No of plants | C5: Foil | D5: Foil + FW | E5: Foil + DW | F5: FW (g) | G5: DW (g) | H5: Water (%) | I5: Rosette area (mm2) | J5: SLA(m2/g) | K5: SLA(m2/g) | M5: SLA(cm2/g)
A6: 5 | B6: #1 | C6: 0.6239 | D6: 0.772 | E6: 0.6388 | F6: =D6-C6 -> 0.1481 | G6: =E6-C6 -> 0.0149 | H6: =100-G6/F6*100 -> 89.93923 | I6: 855.981 | J6: =I6/10^6/F6 -> 0.0057797502 | K6: =I6/10^6/G6 -> 0.057448389 | M6: =J6*10000 -> 57.797502
A7: 5 | B7: #2 | C7: 0.5822 | D7: 0.722 | E7: 0.5963 | F7: =D7-C7 -> 0.1398 | G7: =E7-C7 -> 0.0141 | H7: =100-G7/F7*100 -> 89.914163 | I7: 808.248 | J7: =I7/10^6/F7 -> 0.0057814592 | K7: =I7/10^6/G7 -> 0.057322553 | M7: =J7*10000 -> 57.814592
A8: 4 | B8: #3 | C8: 0.6612 | D8: 0.7718 | E8: 0.6727 | F8: =D8-C8 -> 0.1106 | G8: =E8-C8 -> 0.0115 | H8: =100-G8/F8*100 -> 89.60217 | I8: 641.695 | J8: =I8/10^6/F8 -> 0.0058019439 | K8: =I8/10^6/G8 -> 0.055799565 | M8: =J8*10000 -> 58.019439
A9: 4 | B9: #4 | C9: 0.616 | D9: 0.7097 | E9: 0.6264 | F9: =D9-C9 -> 0.0937 | G9: =E9-C9 -> 0.0104 | H9: =100-G9/F9*100 -> 88.900747 | I9: 563.478 | J9: =I9/10^6/F9 -> 0.0060136393 | K9: =I9/10^6/G9 -> 0.054180577 | M9: =J9*10000 -> 60.136393
E10: Average | H10: =AVERAGE(H6:H9) -> 89.589078 | M10: =AVERAGE(M6:M9) -> 58.441982
E11: SD | H11: =STDEV(H6:H9) -> 0.48382428 | M11: =STDEV(M6:M9) -> 1.1340992

Sheet Day 29
A1: Date | B1: 42122
A2: Day | B2: 29
A4: Genotype | B4: Col wt | J4: Rosette/FW | K4: Rosette/DW | M4: Rosette/FW
C5: Foil | D5: Foil + FW | E5: Foil + DW | F5: FW (g) | G5: DW (g) | H5: Water (%) | I5: Rosette area (mm2) | J5: SLA(m2/g) | K5: SLA(m2/g) | M5: SLA(cm2/g)
B6: R1 | C6: 1.1949 | D6: 1.3734 | E6: 1.2115 | F6: =D6-C6 -> 0.1785 | G6: =E6-C6 -> 0.0166 | H6: =100-G6/F6*100 -> 90.70028 | I6: 696.868 | J6: =I6/10^6/F6 -> 0.0039040224 | K6: =I6/10^6/G6 -> 0.04198 | M6: =J6*10000 -> 39.040224
B7: R2 | C7: 1.2931 | D7: 1.4818 | E7: 1.3109 | F7: =D7-C7 -> 0.1887 | G7: =E7-C7 -> 0.0178 | H7: =100-G7/F7*100 -> 90.567038 | I7: 772.633 | J7: =I7/10^6/F7 -> 0.0040945045 | K7: =I7/10^6/G7 -> 0.043406348 | M7: =J7*10000 -> 40.945045
B8: R3 | C8: 1.0451 | D8: 1.2253 | E8: 1.0617 | F8: =D8-C8 -> 0.1802 | G8: =E8-C8 -> 0.0166 | H8: =100-G8/F8*100 -> 90.788013 | I8: 716.468 | J8: =I8/10^6/F8 -> 0.00397596 | K8: =I8/10^6/G8 -> 0.043160723 | M8: =J8*10000 -> 39.7596
B9: R4 | C9: 1.1589 | D9: 1.3371 | E9: 1.1755 | F9: =D9-C9 -> 0.1782 | G9: =E9-C9 -> 0.0166 | H9: =100-G9/F9*100 -> 90.684624 | I9: 667.531 | J9: =I9/10^6/F9 -> 0.0037459652 | K9: =I9/10^6/G9 -> 0.040212711 | M9: =J9*10000 -> 37.459652
B10: R5 | C10: 1.0989 | D10: 1.237 | E10: 1.1126 | F10: =D10-C10 -> 0.1381 | G10: =E10-C10 -> 0.0137 | H10: =100-G10/F10*100 -> 90.079652 | I10: 496.528 | J10: =I10/10^6/F10 -> 0.0035954236 | K10: =I10/10^6/G10 -> 0.03624292 | M10: =J10*10000 -> 35.954236
E11: Average | F11: =AVERAGE(F6:F10) -> 0.17274 | G11: =AVERAGE(G6:G10) -> 0.01626 | H11: =AVERAGE(H6:H10) -> 90.563922 | I11: =AVERAGE(I6:I10) -> 670.0056 | J11: =AVERAGE(J6:J10) -> 0.0038631752 | K11: =AVERAGE(K6:K10) -> 0.04100054 | M11: =AVERAGE(M6:M10) -> 38.631752
E12: SD | F12: =STDEV(F6:F10) -> 0.019832373 | G12: =STDEV(G6:G10) -> 0.0015224979 | H12: =STDEV(H6:H10) -> 0.28191584 | I12: =STDEV(I6:I10) -> 104.29924 | J12: =STDEV(J6:J10) -> 0.00019578768 | K12: =STDEV(K6:K10) -> 0.0029440309 | M12: =STDEV(M6:M10) -> 1.9578768
A14: Genotype | B14: prr7/prr9 | J14: Rosette/FW | K14: Rosette/DW | M14: Rosette/FW
C15: Foil | D15: Foil + FW | E15: Foil + DW | F15: FW (g) | G15: DW (g) | H15: Water (%) | I15: Rosette area (mm2) | J15: SLA(m2/g) | K15: SLA(m2/g) | M15: SLA(cm2/g)
B16: R1 | C16: 1.0683 | D16: 1.2315 | E16: 1.0859 | F16: =D16-C16 -> 0.1632 | G16: =E16-C16 -> 0.0176 | H16: =100-G16/F16*100 -> 89.215686 | I16: 796.641 | J16: =I16/10^6/F16 -> 0.0048813787 | K16: =I16/10^6/G16 -> 0.045263693 | M16: =J16*10000 -> 48.813787
B17: R2 | C17: 1.011 | D17: 1.1562 | E17: 1.0271 | F17: =D17-C17 -> 0.1452 | G17: =E17-C17 -> 0.0161 | H17: =100-G17/F17*100 -> 88.911846 | I17: 765.363 | J17: =I17/10^6/F17 -> 0.005271095 | K17: =I17/10^6/G17 -> 0.047538075 | M17: =J17*10000 -> 52.71095
B18: R3 | C18: 0.9374 | D18: 1.059 | E18: 0.9512 | F18: =D18-C18 -> 0.1216 | G18: =E18-C18 -> 0.0138 | H18: =100-G18/F18*100 -> 88.651316 | I18: 675.709 | J18: =I18/10^6/F18 -> 0.0055568174 | K18: =I18/10^6/G18 -> 0.04896442 | M18: =J18*10000 -> 55.568174
B19: R4 | C19: 0.9377 | D19: 1.0764 | E19: 0.9533 | F19: =D19-C19 -> 0.1387 | G19: =E19-C19 -> 0.0156 | H19: =100-G19/F19*100 -> 88.752704 | I19: 689.442 | J19: =I19/10^6/F19 -> 0.0049707426 | K19: =I19/10^6/G19 -> 0.044195 | M19: =J19*10000 -> 49.707426
B20: R5 | C20: 0.9602 | D20: 1.0874 | E20: 0.9748 | F20: =D20-C20 -> 0.1272 | G20: =E20-C20 -> 0.0146 | H20: =100-G20/F20*100 -> 88.522013 | I20: 574.688 | J20: =I20/10^6/F20 -> 0.0045179874 | K20: =I20/10^6/G20 -> 0.039362192 | M20: =J20*10000 -> 45.179874
E21: Average | F21: =AVERAGE(F16:F20) -> 0.13918 | G21: =AVERAGE(G16:G20) -> 0.01554 | H21: =AVERAGE(H16:H20) -> 88.810713 | I21: =AVERAGE(I16:I20) -> 700.3686 | J21: =AVERAGE(J16:J20) -> 0.0050396042 | K21: =AVERAGE(K16:K20) -> 0.045064676 | M21: =AVERAGE(M16:M20) -> 50.396042
E22: SD | F22: =STDEV(F16:F20) -> 0.016324889 | G22: =STDEV(G16:G20) -> 0.001455335 | H22: =STDEV(H16:H20) -> 0.26755918 | I22: =STDEV(I16:I20) -> 86.625266 | J22: =STDEV(J16:J20) -> 0.00039463871 | K22: =STDEV(K16:K20) -> 0.0036959429 | M22: =STDEV(M16:M20) -> 3.9463871
A24: Genotype | B24: pgm | J24: Rosette/FW | K24: Rosette/DW | M24: Rosette/FW
C25: Foil | D25: Foil + FW | E25: Foil + DW | F25: FW (g) | G25: DW (g) | H25: Water (%) | I25: Rosette area (mm2) | J25: SLA(m2/g) | K25: SLA(m2/g) | M25: SLA(cm2/g)
B26: R1 | C26: 1.0019 | D26: 1.0511 | E26: 1.0072 | F26: =D26-C26 -> 0.0492 | G26: =E26-C26 -> 0.0053 | H26: =100-G26/F26*100 -> 89.227642 | I26: 179.493 | J26: =I26/10^6/F26 -> 0.0036482317 | K26: =I26/10^6/G26 -> 0.033866604 | M26: =J26*10000 -> 36.482317
B27: R2 | C27: 0.9527 | D27: 0.997 | E27: 0.9575 | F27: =D27-C27 -> 0.0443 | G27: =E27-C27 -> 0.0048 | H27: =100-G27/F27*100 -> 89.164786 | I27: 159.935 | J27: =I27/10^6/F27 -> 0.0036102709 | K27: =I27/10^6/G27 -> 0.033319792 | M27: =J27*10000 -> 36.102709
B28: R3 | C28: 0.9533 | D28: 0.998 | E28: 0.958 | F28: =D28-C28 -> 0.0447 | G28: =E28-C28 -> 0.0047 | H28: =100-G28/F28*100 -> 89.485459 | I28: 179.663 | J28: =I28/10^6/F28 -> 0.0040193065 | K28: =I28/10^6/G28 -> 0.03822617 | M28: =J28*10000 -> 40.193065
B29: R4 | C29: 1.0537 | D29: 1.1015 | E29: 1.0588 | F29: =D29-C29 -> 0.0478 | G29: =E29-C29 -> 0.0051 | H29: =100-G29/F29*100 -> 89.330544 | I29: 176.162 | J29: =I29/10^6/F29 -> 0.0036853975 | K29: =I29/10^6/G29 -> 0.034541569 | M29: =J29*10000 -> 36.853975
B30: R5 | C30: 0.9784 | D30: 1.0219 | E30: 0.9832 | F30: =D30-C30 -> 0.0435 | G30: =E30-C30 -> 0.0048 | H30: =100-G30/F30*100 -> 88.965517 | I30: 128.132 | J30: =I30/10^6/F30 -> 0.0029455632 | K30: =I30/10^6/G30 -> 0.026694167 | M30: =J30*10000 -> 29.455632
E31: Average | F31: =AVERAGE(F26:F30) -> 0.0459 | G31: =AVERAGE(G26:G30) -> 0.00494 | H31: =AVERAGE(H26:H30) -> 89.23479 | I31: =AVERAGE(I26:I30) -> 164.677 | J31: =AVERAGE(J26:J30) -> 0.003581754 | K31: =AVERAGE(K26:K30) -> 0.03332966 | M31: =AVERAGE(M26:M30) -> 35.81754
E32: SD | F32: =STDEV(F26:F30) -> 0.0024627221 | G32: =STDEV(G26:G30) -> 0.00025099801 | H32: =STDEV(H26:H30) -> 0.19330229 | I32: =STDEV(I26:I30) -> 21.988763 | J32: =STDEV(J26:J30) -> 0.00039120498 | K32: =STDEV(K26:K30) -> 0.0041762038 | M32: =STDEV(M26:M30) -> 3.9120498

Sheet Day 38
A1: Date | B1: 42131
A2: Day | B2: 38
A4: Genotype | B4: Col wt | J4: Rosette/FW | K4: Rosette/DW | M4: Rosette/FW
C5: Foil | D5: Foil + FW | E5: Foil + DW | F5: FW (g) | G5: DW (g) | H5: Water (%) | I5: Rosette area (mm2) | J5: SLA(m2/g) | K5: SLA(m2/g) | M5: SLA(cm2/g)
B6: R1 | C6: 1.4413 | D6: 2.8179 | E6: 1.5713 | F6: =D6-C6 -> 1.3766 | G6: =E6-C6 -> 0.13 | H6: =100-G6/F6*100 -> 90.556443 | I6: 3500.354 | J6: =I6/10^6/F6 -> 0.0025427532 | K6: =I6/10^6/G6 -> 0.0269258 | M6: =J6*10000 -> 25.427532
B7: R2 | C7: 1.3267 | D7: 2.417 | E7: 1.4252 | F7: =D7-C7 -> 1.0903 | G7: =E7-C7 -> 0.0985 | H7: =100-G7/F7*100 -> 90.965789 | I7: 3256.618 | J7: =I7/10^6/F7 -> 0.0029869009 | K7: =I7/10^6/G7 -> 0.033062112 | M7: =J7*10000 -> 29.869009
B8: R3 | C8: 1.4028 | D8: 2.4732 | E8: 1.5008 | F8: =D8-C8 -> 1.0704 | G8: =E8-C8 -> 0.098 | H8: =100-G8/F8*100 -> 90.844544 | I8: 2727.806 | J8: =I8/10^6/F8 -> 0.0025483987 | K8: =I8/10^6/G8 -> 0.027834755 | M8: =J8*10000 -> 25.483987
B9: R4 | C9: 1.4308 | D9: 2.4406 | E9: 1.5249 | F9: =D9-C9 -> 1.0098 | G9: =E9-C9 -> 0.0941 | H9: =100-G9/F9*100 -> 90.681323 | I9: 2914.286 | J9: =I9/10^6/F9 -> 0.0028860032 | K9: =I9/10^6/G9 -> 0.030970096 | M9: =J9*10000 -> 28.860032
B10: R5 | C10: 1.3484 | D10: 2.3907 | E10: 1.4453 | F10: =D10-C10 -> 1.0423 | G10: =E10-C10 -> 0.0969 | H10: =100-G10/F10*100 -> 90.703252 | I10: 3019.685 | J10: =I10/10^6/F10 -> 0.0028971361 | K10: =I10/10^6/G10 -> 0.0311629 | M10: =J10*10000 -> 28.971361
E11: Average | F11: =AVERAGE(F6:F10) -> 1.11788 | G11: =AVERAGE(G6:G10) -> 0.1035 | H11: =AVERAGE(H6:H10) -> 90.75027 | I11: =AVERAGE(I6:I10) -> 3083.7498 | J11: =AVERAGE(J6:J10) -> 0.0027722384 | K11: =AVERAGE(K6:K10) -> 0.029991132 | M11: =AVERAGE(M6:M10) -> 27.722384
E12: SD | F12: =STDEV(F6:F10) -> 0.14777066 | G12: =STDEV(G6:G10) -> 0.014911573 | H12: =STDEV(H6:H10) -> 0.15801046 | I12: =STDEV(I6:I10) -> 301.23112 | J12: =STDEV(J6:J10) -> 0.00021058817 | K12: =STDEV(K6:K10) -> 0.0025401057 | M12: =STDEV(M6:M10) -> 2.1058817
A14: Genotype | B14: prr7/prr9 | J14: Rosette/FW | K14: Rosette/DW | M14: Rosette/FW
C15: Foil | D15: Foil + FW | E15: Foil + DW | F15: FW (g) | G15: DW (g) | H15: Water (%) | I15: Rosette area (mm2) | J15: SLA(m2/g) | K15: SLA(m2/g) | M15: SLA(cm2/g)
B16: R1 | C16: 1.4249 | D16: 2.2258 | E16: 1.5138 | F16: =D16-C16 -> 0.8009 | G16: =E16-C16 -> 0.0889 | H16: =100-G16/F16*100 -> 88.899988 | I16: 3029.776 | J16: =I16/10^6/F16 -> 0.0037829642 | K16: =I16/10^6/G16 -> 0.03408072 | M16: =J16*10000 -> 37.829642
B17: R2 | C17: 1.0803 | D17: 1.9661 | E17: 1.1737 | F17: =D17-C17 -> 0.8858 | G17: =E17-C17 -> 0.0934 | H17: =100-G17/F17*100 -> 89.455859 | I17: 3330.981 | J17: =I17/10^6/F17 -> 0.0037604211 | K17: =I17/10^6/G17 -> 0.035663608 | M17: =J17*10000 -> 37.604211
B18: R3 | C18: 0.893 | D18: 1.6876 | E18: 0.9804 | F18: =D18-C18 -> 0.7946 | G18: =E18-C18 -> 0.0874 | H18: =100-G18/F18*100 -> 89.000755 | I18: 2843.353 | J18: =I18/10^6/F18 -> 0.0035783451 | K18: =I18/10^6/G18 -> 0.032532643 | M18: =J18*10000 -> 35.783451
B19: R4 | C19: 1.0303 | D19: 1.8363 | E19: 1.1199 | F19: =D19-C19 -> 0.806 | G19: =E19-C19 -> 0.0896 | H19: =100-G19/F19*100 -> 88.883375 | I19: 3278.557 | J19: =I19/10^6/F19 -> 0.0040676886 | K19: =I19/10^6/G19 -> 0.036591038 | M19: =J19*10000 -> 40.676886
B20: R5 | C20: 0.9745 | D20: 1.6852 | E20: 1.0552 | F20: =D20-C20 -> 0.7107 | G20: =E20-C20 -> 0.0807 | H20: =100-G20/F20*100 -> 88.644998 | I20: 2934.736 | J20: =I20/10^6/F20 -> 0.0041293598 | K20: =I20/10^6/G20 -> 0.036365998 | M20: =J20*10000 -> 41.293598
E21: Average | F21: =AVERAGE(F16:F20) -> 0.7996 | G21: =AVERAGE(G16:G20) -> 0.088 | H21: =AVERAGE(H16:H20) -> 88.976995 | I21: =AVERAGE(I16:I20) -> 3083.4806 | J21: =AVERAGE(J16:J20) -> 0.0038637557 | K21: =AVERAGE(K16:K20) -> 0.035046801 | M21: =AVERAGE(M16:M20) -> 38.637557
E22: SD | F22: =STDEV(F16:F20) -> 0.062050987 | G22: =STDEV(G16:G20) -> 0.0046416592 | H22: =STDEV(H16:H20) -> 0.29782225 | I22: =STDEV(I16:I20) -> 213.29654 | J22: =STDEV(J16:J20) -> 0.00022956409 | K22: =STDEV(K16:K20) -> 0.001714621 | M22: =STDEV(M16:M20) -> 2.2956409
A24: Genotype | B24: pgm | J24: Rosette/FW | K24: Rosette/DW | M24: Rosette/FW
C25: Foil | D25: Foil + FW | E25: Foil + DW | F25: FW (g) | G25: DW (g) | H25: Water (%) | I25: Rosette area (mm2) | J25: SLA(m2/g) | K25: SLA(m2/g) | M25: SLA(cm2/g)
B26: R1 | C26: 0.6399 | D26: 0.914 | E26: 0.6651 | F26: =D26-C26 -> 0.2741 | G26: =E26-C26 -> 0.0252 | H26: =100-G26/F26*100 -> 90.806275 | I26: 757.979 | J26: =I26/10^6/F26 -> 0.0027653375 | K26: =I26/10^6/G26 -> 0.030078532 | M26: =J26*10000 -> 27.653375
B27: R2 | C27: 0.7222 | D27: 0.9419 | E27: 0.7434 | F27: =D27-C27 -> 0.2197 | G27: =E27-C27 -> 0.0212 | H27: =100-G27/F27*100 -> 90.350478 | I27: 716.723 | J27: =I27/10^6/F27 -> 0.0032622804 | K27: =I27/10^6/G27 -> 0.033807689 | M27: =J27*10000 -> 32.622804
B28: R3 | C28: 0.757 | D28: 0.9695 | E28: 0.7766 | F28: =D28-C28 -> 0.2125 | G28: =E28-C28 -> 0.0196 | H28: =100-G28/F28*100 -> 90.776471 | I28: 586.139 | J28: =I28/10^6/F28 -> 0.0027583012 | K28: =I28/10^6/G28 -> 0.029905051 | M28: =J28*10000 -> 27.583012
B29: R4 | C29: 0.6901 | D29: 0.8309 | E29: 0.7039 | F29: =D29-C29 -> 0.1408 | G29: =E29-C29 -> 0.0138 | H29: =100-G29/F29*100 -> 90.198864 | I29: 408.957 | J29: =I29/10^6/F29 -> 0.0029045241 | K29: =I29/10^6/G29 -> 0.029634565 | M29: =J29*10000 -> 29.045241
B30: R5 | C30: 0.7738 | D30: 0.8956 | E30: 0.7873 | F30: =D30-C30 -> 0.1218 | G30: =E30-C30 -> 0.0135 | H30: =100-G30/F30*100 -> 88.916256 | I30: 324.476 | J30: =I30/10^6/F30 -> 0.0026640066 | K30: =I30/10^6/G30 -> 0.024035259 | M30: =J30*10000 -> 26.640066
E31: Average | F31: =AVERAGE(F26:F30) -> 0.19378 | G31: =AVERAGE(G26:G30) -> 0.01866 | H31: =AVERAGE(H26:H30) -> 90.209669 | I31: =AVERAGE(I26:I30) -> 558.8548 | J31: =AVERAGE(J26:J30) -> 0.0028708899 | K31: =AVERAGE(K26:K30) -> 0.029492219 | M31: =AVERAGE(M26:M30) -> 28.708899
E32: SD | F32: =STDEV(F26:F30) -> 0.062172317 | G32: =STDEV(G26:G30) -> 0.0050087923 | H32: =STDEV(H26:H30) -> 0.76975054 | I32: =STDEV(I26:I30) -> 188.89151 | J32: =STDEV(J26:J30) -> 0.00023501916 | K32: =STDEV(K26:K30) -> 0.0034977187 | M32: =STDEV(M26:M30) -> 2.3501916
T34: 255
T35: 255
T36: 255
T37: 255
T38: 255

Sheet Summary
A2: Ln transform first
A4: FW | B4: Ln mass | F4: FW
A5: Col | B5: 22 | C5: 29 | D5: 38 | F5: Col | G5: 0 | H5: 22 | I5: 29 | J5: 38
A6: R1 | B6: =LN(H6) -> -3.3610156 | C6: =LN(I6) -> -1.7231667 | D6: =LN(J6) -> 0.31961669 | F6: R1 | H6: ='Day 22'!F6 -> 0.0347 | I6: ='Day 29'!F6 -> 0.1785 | J6: ='Day 38'!F6 -> 1.3766
A7: R2 | B7: =LN(H7) -> -3.1796551 | C7: =LN(I7) -> -1.6675968 | D7: =LN(J7) -> 0.086452888 | F7: R2 | H7: ='Day 22'!F7 -> 0.0416 | I7: ='Day 29'!F7 -> 0.1887 | J7: ='Day 38'!F7 -> 1.0903
A8: R3 | B8: =LN(H8) -> -3.4609474 | C8: =LN(I8) -> -1.7136879 | D8: =LN(J8) -> 0.06803241 | F8: R3 | H8: ='Day 22'!F8 -> 0.0314 | I8: ='Day 29'!F8 -> 0.1802 | J8: ='Day 38'!F8 -> 1.0704
A9: R4 | B9: =LN(H9) -> -3.3581379 | C9: =LN(I9) -> -1.7248488 | D9: =LN(J9) -> 0.0097522914 | F9: R4 | H9: ='Day 22'!F9 -> 0.0348 | I9: ='Day 29'!F9 -> 0.1782 | J9: ='Day 38'!F9 -> 1.0098
A10: R5 | B10: =LN(H10) -> -3.0704558 | C10: =LN(I10) -> -1.9797772 | D10: =LN(J10) -> 0.04142981 | F10: R5 | H10: ='Day 22'!F10 -> 0.0464 | I10: ='Day 29'!F10 -> 0.1381 | J10: ='Day 38'!F10 -> 1.0423
A11: Average | B11: =AVERAGE(B6:B10) -> -3.2860424 | C11: =AVERAGE(C6:C10) -> -1.7618155 | D11: =AVERAGE(D6:D10) -> 0.10505682 | F11: Average | G11: 0 | H11: =AVERAGE(H6:H10) -> 0.03778 | I11: =AVERAGE(I6:I10) -> 0.17274 | J11: =AVERAGE(J6:J10) -> 1.11788
A12: SD | B12: =STDEV(B6:B10) -> 0.15748518 | C12: =STDEV(C6:C10) -> 0.12405745 | D12: =STDEV(D6:D10) -> 0.12337362 | F12: SD | G12: 0 | H12: =STDEV(H6:H10) -> 0.0060821049 | I12: =STDEV(I6:I10) -> 0.019832373 | J12: =STDEV(J6:J10) -> 0.14777066
A14: FW | B14: Ln mass | F14: FW
A15: prr7/prr9 | B15: 22 | C15: 29 | D15: 38 | F15: prr7/prr9 | G15: 0 | H15: 22 | I15: 29 | J15: 38
A16: R1 | B16: =LN(H16) -> -3.5301678 | C16: =LN(I16) -> -1.8127788 | D16: =LN(J16) -> -0.22201918 | F16: R1 | H16: ='Day 22'!F16 -> 0.0293 | I16: ='Day 29'!F16 -> 0.1632 | J16: ='Day 38'!F16 -> 0.8009
A17: R2 | B17: =LN(H17) -> -3.4834926 | C17: =LN(I17) -> -1.9296432 | D17: =LN(J17) -> -0.12126409 | F17: R2 | H17: ='Day 22'!F17 -> 0.0307 | I17: ='Day 29'!F17 -> 0.1452 | J17: ='Day 38'!F17 -> 0.8858
A18: R3 | B18: =LN(H18) -> -3.5335866 | C18: =LN(I18) -> -2.1070183 | D18: =LN(J18) -> -0.22991644 | F18: R3 | H18: ='Day 22'!F18 -> 0.0292 | I18: ='Day 29'!F18 -> 0.1216 | J18: ='Day 38'!F18 -> 0.7946
A19: R4 | B19: =LN(H19) -> -3.6230917 | C19: =LN(I19) -> -1.975442 | D19: =LN(J19) -> -0.21567154 | F19: R4 | H19: ='Day 22'!F19 -> 0.0267 | I19: ='Day 29'!F19 -> 0.1387 | J19: ='Day 38'!F19 -> 0.806
A20: R5 | B20: =LN(H20) -> -3.4737681 | C20: =LN(I20) -> -2.0619946 | D20: =LN(J20) -> -0.34150488 | F20: R5 | H20: ='Day 22'!F20 -> 0.031 | I20: ='Day 29'!F20 -> 0.1272 | J20: ='Day 38'!F20 -> 0.7107
A21: Average | B21: =AVERAGE(B16:B20) -> -3.5288213 | C21: =AVERAGE(C16:C20) -> -1.9773754 | D21: =AVERAGE(D16:D20) -> -0.22607522 | F21: Average | G21: 0 | H21: =AVERAGE(H16:H20) -> 0.02938 | I21: =AVERAGE(I16:I20) -> 0.13918 | J21: =AVERAGE(J16:J20) -> 0.7996
A22: SD | B22: =STDEV(B16:B20) -> 0.059154413 | C22: =STDEV(C16:C20) -> 0.11547925 | D22: =STDEV(D16:D20) -> 0.078180597 | F22: SD | G22: 0 | H22: =STDEV(H16:H20) -> 0.0017020576 | I22: =STDEV(I16:I20) -> 0.016324889 | J22: =STDEV(J16:J20) -> 0.062050987
A24: FW | B24: Ln mass | F24: FW
A25: pgm | B25: 22 | C25: 29 | D25: 38 | F25: lsf | G25: 0 | H25: 22 | I25: 29 | J25: 38
A26: R1 | B26: =LN(H26) -> -4.3428059 | C26: =LN(I26) -> -3.0118617 | D26: =LN(J26) -> -1.2942623 | F26: R1 | H26: ='Day 22'!F26 -> 0.013 | I26: ='Day 29'!F26 -> 0.0492 | J26: ='Day 38'!F26 -> 0.2741
A27: R2 | B27: =LN(H27) -> -4.1799025 | C27: =LN(I27) -> -3.1167706 | D27: =LN(J27) -> -1.5154923 | F27: R2 | H27: ='Day 22'!F27 -> 0.0153 | I27: ='Day 29'!F27 -> 0.0443 | J27: ='Day 38'!F27 -> 0.2197
A28: R3 | B28: =LN(H28) -> -4.4918415 | C28: =LN(I28) -> -3.1077818 | D28: =LN(J28) -> -1.5488133 | F28: R3 | H28: ='Day 22'!F28 -> 0.0112 | I28: ='Day 29'!F28 -> 0.0447 | J28: ='Day 38'!F28 -> 0.2125
A29: R4 | B29: =LN(H29) -> -4.350528 | C29: =LN(I29) -> -3.0407296 | D29: =LN(J29) -> -1.9604148 | F29: R4 | H29: ='Day 22'!F29 -> 0.0129 | I29: ='Day 29'!F29 -> 0.0478 | J29: ='Day 38'!F29 -> 0.1408
A30: R5 | B30: =LN(H30) -> -4.3740585 | C30: =LN(I30) -> -3.1349943 | D30: =LN(J30) -> -2.1053749 | F30: R5 | H30: ='Day 22'!F30 -> 0.0126 | I30: ='Day 29'!F30 -> 0.0435 | J30: ='Day 38'!F30 -> 0.1218
A31: Average | B31: =AVERAGE(B26:B30) -> -4.3478273 | C31: =AVERAGE(C26:C30) -> -3.0824276 | D31: =AVERAGE(D26:D30) -> -1.6848715 | F31: Average | G31: 0 | H31: =AVERAGE(H26:H30) -> 0.013 | I31: =AVERAGE(I26:I30) -> 0.0459 | J31: =AVERAGE(J26:J30) -> 0.19378
A32: SD | B32: =STDEV(B26:B30) -> 0.11142198 | C32: =STDEV(C26:C30) -> 0.05315969 | D32: =STDEV(D26:D30) -> 0.33634951 | F32: SD | G32: 0 | H32: =STDEV(H26:H30) -> 0.0014747881 | I32: =STDEV(I26:I30) -> 0.0024627221 | J32: =STDEV(J26:J30) -> 0.062172317

Sheet Water content
B1: Col | D1: prr7/prr9 | F1: pgm
B2: ='Day 38'!H6 -> 90.556443 | D2: ='Day 38'!H16 -> 88.899988 | F2: ='Day 38'!H26 -> 90.806275
B3: ='Day 38'!H7 -> 90.965789 | D3: ='Day 38'!H17 -> 89.455859 | F3: ='Day 38'!H27 -> 90.350478
B4: ='Day 38'!H8 -> 90.844544 | D4: ='Day 38'!H18 -> 89.000755 | F4: ='Day 38'!H28 -> 90.776471
B5: ='Day 38'!H9 -> 90.681323 | D5: ='Day 38'!H19 -> 88.883375 | F5: ='Day 38'!H29 -> 90.198864
B6: ='Day 38'!H10 -> 90.703252 | D6: ='Day 38'!H20 -> 88.644998 | F6: ='Day 38'!H30 -> 88.916256
A8: Average | B8: =AVERAGE(B2:B6) -> 90.75027 | D8: =AVERAGE(D2:D6) -> 88.976995 | F8: =AVERAGE(F2:F6) -> 90.209669
A9: SD | B9: =STDEV(B2:B6) -> 0.15801046 | D9: =STDEV(D2:D6) -> 0.29782225 | F9: =STDEV(F2:F6) -> 0.76975054
A10: UB | B10: =B8+B9 -> 90.908281 | D10: =D8+D9 -> 89.274817 | F10: =F8+F9 -> 90.979419
A11: LB | B11: =B8-B9 -> 90.59226 | D11: =D8-D9 -> 88.679173 | F11: =F8-F9 -> 89.439918
